year,team,rank,points
2009,LSU,1,293.15
2009,USC,2,289.28
2009,Alabama,3,288.63
2009,Georgia,4,283.72
2009,Ohio State,5,281.93
2009,Texas,6,277.12
2009,Florida,7,270.42
2009,Tennessee,8,264.62
2009,Oklahoma,9,262.78
2009,Michigan,10,262.72
2009,Florida State,11,259.63
2009,North Carolina,12,258.85
2009,UCLA,13,258.45
2009,South Carolina,14,257.08
2009,Notre Dame,15,246.29
2009,Miami,16,242.24
2009,Ole Miss,17,240.24
2009,Mississippi State,18,233.49
2009,Penn State,19,233.47
2009,Arkansas,20,232.93
2009,Stanford,21,232.43
2009,Michigan State,22,229.62
2009,Auburn,23,226.93
2009,West Virginia,24,225.23
2009,Virginia Tech,25,224.32
2009,South Florida,26,222.52
2009,Texas A&M,27,219.98
2009,Illinois,28,214.15
2009,Rutgers,29,214.01
2009,Oregon,30,212.76
2009,Maryland,31,211.59
2009,Arizona State,32,211.24
2009,Virginia,33,210.97
2009,Oklahoma State,34,209.57
2009,Minnesota,35,209.2
2009,Clemson,36,207.86
2009,California,37,206.98
2009,Missouri,38,206.45
2009,Texas Tech,39,206.43
2009,Nebraska,40,201.57
2009,Georgia Tech,41,201.51
2009,Wisconsin,42,199.62
2009,Pittsburgh,43,197.86
2009,TCU,44,196.02
2009,Kansas,45,195.98
2009,Utah,46,195.36
2009,Kentucky,47,193.54
2009,NC State,48,192.15
2009,Colorado,49,188.77
2009,Arizona,50,184.83
2009,Oregon State,51,184.11
2009,Southern Miss,52,183.5
2009,Baylor,53,183.32
2009,Duke,54,181.94
2009,BYU,55,181.77
2009,Cincinnati,56,176.05
2009,Louisville,57,174.46
2009,Tulsa,58,174.21
2009,Troy,59,172.43
2009,Vanderbilt,60,169.67
2009,Northwestern,61,169.62
2009,Wake Forest,62,167.36
2009,Washington State,63,166.89
2009,Iowa,64,165.44
2009,Boston College,65,164.59
2009,Indiana,66,163.75
2009,UCF,67,163.27
2009,Houston,68,162.28
2009,Boise State,69,161.31
2009,Kansas State,70,160.93
2009,Purdue,71,160.65
2009,Iowa State,72,159.69
2009,SMU,73,159.25
2009,Louisiana Tech,74,155.85
2009,Washington,75,154.97
2009,Central Michigan,76,154.04
2009,Florida International,77,152.22
2009,Hawai'i,78,151.83
2009,Tulane,79,150.56
2009,UAB,80,149.82
2009,UConn,81,142.56
2009,Middle Tennessee,82,135.97
2009,Rice,83,133.54
2009,UNLV,84,132.75
2009,San Diego State,85,131.67
2009,Toledo,86,131.44
2009,Fresno State,87,130.4
2009,Memphis,88,130.01
2009,Miami (OH),89,129.69
2009,Bowling Green,90,129.11
2009,Marshall,91,128.95
2009,Syracuse,92,128.0
2009,Kent State,93,125.9
2009,Colorado State,94,125.17
2009,Akron,95,124.68
2009,Wyoming,96,124.54
2009,East Carolina,97,124.38
2009,Western Michigan,98,123.17
2009,Nevada,99,120.06
2009,North Texas,100,116.92
2009,UL Monroe,101,116.77
2009,Northern Illinois,102,114.72
2009,Ohio,103,105.11
2009,Eastern Michigan,104,102.1
2009,Air Force,105,95.62
2009,New Mexico,106,95.54
2009,New Mexico State,107,91.92
2009,Buffalo,108,90.58
2009,Utah State,109,84.41
2009,Temple,110,82.03
2009,Arkansas State,111,80.06
2009,Idaho,112,78.81
2009,Louisiana,113,77.11
2009,Army,114,68.46
2009,Navy,115,19.31
2009,Illinois State,116,18.75
2009,Alabama State,117,6.67
2009,San José State,118,0.0
2010,Florida,1,324.62
2010,Texas,2,312.07
2010,USC,3,294.73
2010,Alabama,4,284.2
2010,Oklahoma,5,283.58
2010,Auburn,6,277.2
2010,Tennessee,7,271.56
2010,Florida State,8,271.41
2010,LSU,9,267.84
2010,UCLA,10,263.81
2010,Georgia,11,259.87
2010,Oregon,12,250.88
2010,Penn State,13,249.63
2010,Miami,14,249.55
2010,Notre Dame,15,241.92
2010,Texas A&M,16,240.98
2010,Michigan,17,237.54
2010,Ohio State,18,237.38
2010,Washington,19,234.35
2010,California,20,233.8
2010,Missouri,21,229.0
2010,Michigan State,22,225.56
2010,North Carolina,23,224.64
2010,Ole Miss,24,223.7
2010,Stanford,25,223.33
2010,Nebraska,26,219.7
2010,Clemson,27,218.08
2010,Virginia Tech,28,214.01
2010,Oklahoma State,29,213.1
2010,Mississippi State,30,212.47
2010,Pittsburgh,31,212.43
2010,West Virginia,32,211.69
2010,BYU,33,211.56
2010,South Carolina,34,210.39
2010,NC State,35,208.25
2010,Iowa,36,208.14
2010,Texas Tech,37,207.32
2010,Baylor,38,206.15
2010,Maryland,39,205.67
2010,Arizona State,40,203.28
2010,Arkansas,41,203.21
2010,Utah,42,202.2
2010,Georgia Tech,43,201.21
2010,Louisville,44,197.18
2010,Boston College,45,196.9
2010,Wisconsin,46,194.33
2010,TCU,47,192.08
2010,Southern Miss,48,191.15
2010,Kentucky,49,190.83
2010,UCF,50,189.21
2010,Vanderbilt,51,188.39
2010,Minnesota,52,186.47
2010,Purdue,53,186.34
2010,Rutgers,54,186.09
2010,Houston,55,185.42
2010,Cincinnati,56,184.21
2010,Colorado,57,183.91
2010,Arizona,58,183.75
2010,South Florida,59,182.46
2010,Syracuse,60,180.14
2010,Illinois,61,180.07
2010,Oregon State,62,178.62
2010,Wake Forest,63,178.48
2010,Kansas,64,177.9
2010,Washington State,65,177.38
2010,SMU,66,177.12
2010,Northwestern,67,176.85
2010,Iowa State,68,175.2
2010,Fresno State,69,175.17
2010,Colorado State,70,172.59
2010,Memphis,71,172.54
2010,Tulsa,72,172.19
2010,Duke,73,171.81
2010,Virginia,74,170.27
2010,San Diego State,75,165.98
2010,Kansas State,76,164.45
2010,Indiana,77,164.39
2010,Marshall,78,164.29
2010,New Mexico,79,157.08
2010,Hawai'i,80,155.71
2010,Louisiana Tech,81,154.22
2010,Florida International,82,153.54
2010,East Carolina,83,152.95
2010,UConn,84,151.1
2010,UTEP,85,150.87
2010,UAB,86,150.49
2010,Toledo,87,149.24
2010,Western Michigan,88,146.63
2010,Bowling Green,89,146.16
2010,Tulane,90,145.27
2010,Nevada,91,144.64
2010,Rice,92,144.16
2010,Ball State,93,142.28
2010,Arkansas State,94,142.14
2010,Temple,95,141.31
2010,San José State,96,140.49
2010,Idaho,97,140.01
2010,Northern Illinois,98,139.25
2010,Wyoming,99,138.94
2010,Miami (OH),100,138.32
2010,Kent State,101,138.28
2010,Akron,102,136.89
2010,UNLV,103,136.45
2010,New Mexico State,104,132.06
2010,Utah State,105,127.94
2010,Central Michigan,106,127.67
2010,Western Kentucky,107,126.31
2010,Buffalo,108,125.67
2010,Troy,109,117.28
2010,Boise State,110,115.97
2010,Eastern Michigan,111,110.9
2010,Ohio,112,101.59
2010,Army,113,99.95
2010,Middle Tennessee,114,88.46
2010,Louisiana,115,86.44
2010,UL Monroe,116,85.12
2010,North Texas,117,83.28
2010,Florida Atlantic,118,66.11
2010,Navy,119,38.65
2010,Air Force,120,26.17
2010,Georgia Southern,121,13.33
2010,Norfolk State,122,6.67
2010,New Hampshire,123,6.67
2010,Georgia State,125,0.0
2011,Alabama,1,298.5
2011,Florida State,2,297.03
2011,USC,3,286.99
2011,Texas,4,284.05
2011,Auburn,5,281.02
2011,Ohio State,6,278.47
2011,Georgia,7,278.18
2011,LSU,8,272.65
2011,Notre Dame,9,271.38
2011,Clemson,10,269.69
2011,Florida,11,258.24
2011,Oregon,12,257.09
2011,Oklahoma,13,256.79
2011,Tennessee,14,253.78
2011,California,15,249.7
2011,Nebraska,16,245.6
2011,South Carolina,17,244.09
2011,North Carolina,18,230.93
2011,Texas Tech,19,230.54
2011,Ole Miss,20,226.45
2011,Arkansas,21,226.22
2011,Stanford,22,221.85
2011,Virginia,23,220.78
2011,Washington,24,219.9
2011,Oklahoma State,25,212.82
2011,Iowa,26,208.64
2011,Louisville,27,208.34
2011,TCU,28,207.48
2011,Rutgers,29,205.88
2011,Michigan,30,205.16
2011,Penn State,31,201.4
2011,Michigan State,32,198.83
2011,Miami,33,198.68
2011,Texas A&M,34,193.44
2011,Virginia Tech,35,190.02
2011,Kentucky,36,184.89
2011,Illinois,37,183.92
2011,Utah,38,182.11
2011,Boston College,39,180.89
2011,Kansas,40,178.77
2011,Mississippi State,41,178.1
2011,Oregon State,42,175.84
2011,Georgia Tech,43,174.84
2011,Wisconsin,44,174.08
2011,UCLA,45,172.23
2011,Baylor,46,169.94
2011,Cincinnati,47,168.77
2011,Arizona,48,166.94
2011,Vanderbilt,49,164.0
2011,Maryland,50,162.97
2011,Kansas State,51,161.75
2011,West Virginia,52,160.31
2011,Boise State,53,159.98
2011,UCF,54,158.74
2011,Indiana,55,158.62
2011,Missouri,56,158.06
2011,Minnesota,57,157.15
2011,Syracuse,58,155.37
2011,Iowa State,59,153.86
2011,Marshall,60,152.84
2011,Northwestern,61,150.59
2011,Pittsburgh,62,150.28
2011,Duke,63,149.33
2011,Colorado,64,147.7
2011,Arizona State,65,146.68
2011,Wake Forest,66,144.89
2011,SMU,67,144.59
2011,Washington State,68,144.31
2011,BYU,69,143.97
2011,South Florida,70,143.19
2011,NC State,71,139.33
2011,East Carolina,72,138.07
2011,Houston,73,133.64
2011,Toledo,74,132.9
2011,Purdue,75,129.88
2011,Colorado State,76,122.79
2011,Memphis,77,122.48
2011,San Diego State,78,118.44
2011,UConn,79,117.6
2011,Tulsa,80,113.38
2011,Tulane,81,110.8
2011,Western Michigan,82,94.12
2011,Temple,83,93.88
2011,Louisiana,84,91.52
2011,Western Kentucky,85,85.81
2011,Southern Miss,86,83.64
2011,Navy,87,81.56
2011,Army,88,77.89
2011,Air Force,89,77.86
2011,Bowling Green,90,77.59
2011,South Alabama,91,76.36
2011,Florida International,92,76.24
2011,Central Michigan,93,75.64
2011,Hawai'i,94,73.77
2011,Northern Illinois,95,67.82
2011,Ohio,96,67.8
2011,Rice,97,67.71
2011,Fresno State,98,67.3
2011,Middle Tennessee,99,66.67
2011,Buffalo,100,61.88
2011,UAB,101,61.54
2011,Ball State,102,60.53
2011,Florida Atlantic,103,60.49
2011,Wyoming,104,59.82
2011,New Mexico,105,57.85
2011,UL Monroe,106,57.72
2011,Miami (OH),107,57.32
2011,Utah State,108,56.53
2011,North Texas,109,55.16
2011,UNLV,110,53.88
2011,Eastern Michigan,111,53.69
2011,Troy,112,51.83
2011,Louisiana Tech,113,51.59
2011,Akron,114,50.3
2011,Nevada,115,50.28
2011,San José State,116,48.83
2011,Idaho,117,48.78
2011,Arkansas State,118,48.25
2011,Kent State,119,45.57
2011,UTEP,120,35.04
2011,New Mexico State,121,30.13
2011,Northern Iowa,122,28.92
2011,Villanova,123,24.24
2011,South Carolina State,124,18.1
2011,Liberty,125,13.33
2011,Harvard,126,13.29
2011,Texas State,127,12.55
2011,Holy Cross,128,11.46
2011,Old Dominion,129,8.32
2011,Massachusetts,130,6.67
2011,UTSA,131,6.67
2011,Bethune-Cookman,132,5.99
2011,App State,133,4.32
2011,Western Carolina,134,0.0
2011,Eastern Illinois,135,0.0
2011,North Dakota State,136,0.0
2011,Indiana State,137,0.0
2012,Alabama,1,313.12
2012,Texas,2,300.12
2012,Florida,3,290.27
2012,Florida State,4,290.11
2012,Ohio State,5,286.13
2012,Michigan,6,281.12
2012,Stanford,7,275.98
2012,USC,8,274.18
2012,Georgia,9,273.57
2012,Miami,10,268.93
2012,Auburn,11,261.81
2012,Oklahoma,12,255.08
2012,LSU,13,252.55
2012,Oregon,14,251.25
2012,South Carolina,15,248.77
2012,Texas A&M,16,248.67
2012,Notre Dame,17,248.21
2012,UCLA,18,247.77
2012,Tennessee,19,242.81
2012,Clemson,20,241.73
2012,Virginia Tech,21,231.41
2012,Mississippi State,22,227.14
2012,Rutgers,23,226.24
2012,Washington,24,225.52
2012,Virginia,25,223.88
2012,Baylor,26,222.62
2012,Arkansas,27,222.12
2012,Texas Tech,28,220.7
2012,TCU,29,219.37
2012,California,30,217.88
2012,Oklahoma State,31,213.82
2012,Nebraska,32,213.77
2012,Missouri,33,212.4
2012,Michigan State,34,210.77
2012,West Virginia,35,206.7
2012,Arizona State,36,205.33
2012,Maryland,37,204.96
2012,Utah,38,204.91
2012,Colorado,39,203.71
2012,Iowa,40,201.08
2012,North Carolina,41,199.55
2012,Arizona,42,199.26
2012,Pittsburgh,43,198.81
2012,Oregon State,44,195.63
2012,Louisville,45,194.36
2012,Vanderbilt,46,194.25
2012,Penn State,47,192.63
2012,Ole Miss,48,190.69
2012,Purdue,49,188.27
2012,Kentucky,50,187.81
2012,Cincinnati,51,185.26
2012,NC State,52,183.7
2012,Georgia Tech,53,183.42
2012,South Florida,54,181.93
2012,Northwestern,55,178.76
2012,Houston,56,176.32
2012,Indiana,57,175.53
2012,Washington State,58,173.37
2012,Minnesota,59,171.0
2012,Syracuse,60,170.44
2012,Boise State,61,169.1
2012,Duke,62,165.02
2012,Illinois,63,162.09
2012,Arkansas State,64,162.02
2012,Wisconsin,65,160.75
2012,Wake Forest,66,156.07
2012,Iowa State,67,155.41
2012,Southern Miss,68,150.61
2012,Boston College,69,150.03
2012,SMU,70,149.82
2012,BYU,71,148.63
2012,UConn,72,143.96
2012,Kansas State,73,139.67
2012,Temple,74,139.63
2012,San Diego State,75,139.37
2012,Toledo,76,138.36
2012,Nevada,77,135.19
2012,Marshall,78,134.93
2012,Florida International,79,134.46
2012,East Carolina,80,133.06
2012,Kansas,81,128.07
2012,Florida Atlantic,82,125.72
2012,Tulane,83,124.65
2012,Hawai'i,84,124.09
2012,Rice,85,123.63
2012,Air Force,86,121.39
2012,Miami (OH),87,121.01
2012,New Mexico State,88,120.43
2012,Tulsa,89,120.37
2012,Central Michigan,90,120.28
2012,Western Michigan,91,120.13
2012,Memphis,92,116.8
2012,Ohio,93,116.72
2012,Bowling Green,94,115.2
2012,New Mexico,95,113.27
2012,UCF,96,113.11
2012,Western Kentucky,97,111.94
2012,Louisiana Tech,98,111.9
2012,Troy,99,111.64
2012,North Texas,100,108.78
2012,UNLV,101,106.3
2012,Kent State,102,105.08
2012,Northern Illinois,103,104.53
2012,San José State,104,103.14
2012,Ball State,105,103.09
2012,UTEP,106,102.75
2012,Louisiana,107,97.59
2012,Eastern Michigan,108,96.95
2012,UAB,109,96.91
2012,Idaho,110,96.07
2012,Utah State,111,96.05
2012,Texas State,112,94.09
2012,South Alabama,113,93.33
2012,Wyoming,114,92.41
2012,Fresno State,115,89.62
2012,UL Monroe,116,89.23
2012,Buffalo,117,89.13
2012,Navy,118,89.01
2012,Middle Tennessee,119,87.49
2012,Colorado State,120,74.75
2012,Akron,121,70.1
2012,UTSA,122,62.13
2012,South Carolina State,123,58.91
2012,James Madison,124,54.11
2012,App State,125,46.27
2012,Army,126,45.41
2012,Old Dominion,127,40.57
2012,Georgia State,128,28.35
2012,Youngstown State,129,28.33
2012,Portland State,130,26.61
2012,Georgia Southern,131,25.1
2012,Eastern Washington,132,24.65
2012,Bethune-Cookman,133,23.44
2012,Liberty,134,22.63
2012,Gardner-Webb,135,22.12
2012,McNeese,136,21.19
2012,Pennsylvania,137,21.17
2012,Massachusetts,138,19.91
2012,Dartmouth,139,19.37
2012,Charlotte,140,19.34
2012,Tennessee State,141,19.26
2012,Yale,142,18.55
2012,Hampton,143,17.8
2012,Northern Iowa,144,17.64
2012,VMI,146,15.27
2012,Wagner,148,13.76
2012,Montana,149,11.2
2012,Lamar,150,11.11
2012,William & Mary,151,11.07
2012,Towson,152,10.79
2012,Coastal Carolina,153,10.62
2012,Southern Illinois,154,10.61
2012,Western Illinois,155,10.55
2012,Lehigh,156,10.54
2012,Chattanooga,157,10.48
2012,Delaware State,158,10.48
2012,Princeton,159,10.24
2012,Southeast Missouri State,161,9.99
2012,Texas Southern,162,9.93
2012,Monmouth,163,8.39
2012,Weber State,164,7.99
2012,Eastern Kentucky,166,7.49
2012,Montana State,167,7.32
2012,Harvard,169,6.67
2012,North Dakota,170,6.67
2012,Grambling,171,6.67
2012,Elon,172,6.67
2012,Cornell,173,6.67
2012,South Dakota State,174,6.67
2012,Northern Colorado,175,6.67
2012,Southern Utah,176,6.67
2012,Columbia,177,6.67
2012,Idaho State,178,6.5
2012,Norfolk State,179,6.36
2012,Presbyterian,180,5.98
2012,North Carolina Central,181,4.98
2012,Western Carolina,182,4.98
2012,Richmond,183,4.35
2012,The Citadel,184,4.31
2012,Central Arkansas,186,3.98
2012,Furman,187,3.31
2012,Cal Poly,188,2.98
2012,Delaware,189,0.98
2013,Alabama,1,319.5
2013,Ohio State,2,303.35
2013,Florida,3,291.89
2013,Michigan,4,288.74
2013,Notre Dame,5,284.77
2013,LSU,6,281.05
2013,UCLA,7,276.33
2013,Ole Miss,8,275.52
2013,Texas A&M,9,267.75
2013,Auburn,10,267.46
2013,Florida State,11,262.69
2013,Georgia,12,260.38
2013,USC,13,256.44
2013,Miami,14,249.66
2013,Clemson,15,249.66
2013,Oklahoma,16,241.93
2013,Texas,17,234.52
2013,Washington,18,234.2
2013,Oregon,19,227.16
2013,South Carolina,20,224.01
2013,Virginia Tech,21,223.82
2013,Nebraska,22,220.72
2013,Arkansas,23,216.6
2013,Mississippi State,24,214.76
2013,Tennessee,25,214.06
2013,Vanderbilt,26,211.23
2013,Baylor,27,209.23
2013,North Carolina,28,206.42
2013,Virginia,29,201.88
2013,West Virginia,30,201.03
2013,Oklahoma State,31,199.52
2013,Pittsburgh,32,196.04
2013,Penn State,33,195.7
2013,Kentucky,34,195.55
2013,TCU,35,194.83
2013,Louisville,36,194.03
2013,Michigan State,37,193.96
2013,Maryland,38,193.11
2013,Arizona State,39,192.78
2013,Wisconsin,40,191.08
2013,California,41,190.85
2013,Indiana,42,190.33
2013,Missouri,43,189.91
2013,Arizona,44,188.91
2013,Oregon State,45,186.6
2013,Texas Tech,46,182.16
2013,Utah,47,181.27
2013,Rutgers,48,180.79
2013,Kansas,49,180.28
2013,Washington State,50,177.9
2013,Illinois,51,176.35
2013,Stanford,52,175.38
2013,Northwestern,53,174.64
2013,South Florida,54,173.74
2013,Boise State,55,173.51
2013,Iowa,56,171.96
2013,Houston,57,171.4
2013,Marshall,58,170.81
2013,NC State,59,166.04
2013,Cincinnati,60,162.33
2013,Purdue,61,162.05
2013,UConn,62,160.61
2013,Iowa State,63,159.52
2013,Kansas State,64,158.71
2013,Wake Forest,65,153.0
2013,BYU,66,152.55
2013,Minnesota,67,152.11
2013,Colorado,68,151.29
2013,San Diego State,69,151.17
2013,Georgia Tech,70,149.34
2013,Duke,71,148.96
2013,SMU,72,148.4
2013,East Carolina,73,146.66
2013,Syracuse,74,144.37
2013,Fresno State,75,142.76
2013,Toledo,76,141.96
2013,Temple,77,140.29
2013,Hawai'i,78,139.5
2013,UCF,79,139.32
2013,Louisiana,80,138.35
2013,Tulsa,81,138.11
2013,Southern Miss,82,136.46
2013,Tulane,83,133.37
2013,Colorado State,84,132.61
2013,Bowling Green,85,131.36
2013,Boston College,86,126.19
2013,Middle Tennessee,87,125.23
2013,Nevada,88,124.94
2013,Louisiana Tech,89,124.51
2013,Memphis,90,123.56
2013,Rice,91,123.22
2013,South Alabama,92,123.16
2013,New Mexico,93,122.45
2013,Texas State,94,120.48
2013,Western Kentucky,95,120.24
2013,Florida Atlantic,96,119.58
2013,UAB,97,118.27
2013,UNLV,98,117.06
2013,Troy,99,114.51
2013,Arkansas State,100,113.75
2013,Massachusetts,101,112.55
2013,Northern Illinois,102,108.89
2013,UTSA,103,108.72
2013,Central Michigan,104,108.05
2013,Ball State,105,107.69
2013,Miami (OH),106,107.36
2013,Air Force,107,106.74
2013,Western Michigan,108,106.64
2013,Utah State,109,105.41
2013,Wyoming,110,101.61
2013,Georgia State,111,101.05
2013,Charlotte,112,100.75
2013,Eastern Michigan,113,98.58
2013,Florida International,114,98.08
2013,Akron,115,97.64
2013,Navy,116,97.15
2013,Ohio,117,96.79
2013,Kent State,118,95.27
2013,North Texas,119,93.6
2013,New Mexico State,120,92.08
2013,UTEP,121,88.53
2013,Old Dominion,122,87.47
2013,San José State,123,83.62
2013,Idaho,124,80.11
2013,App State,125,78.64
2013,UL Monroe,126,77.32
2013,Army,127,74.07
2013,Buffalo,128,72.53
2013,Yale,129,70.19
2013,Harvard,130,51.51
2013,South Carolina State,131,50.71
2013,Tennessee Tech,132,47.01
2013,Samford,133,46.1
2013,Jacksonville State,134,42.28
2013,Georgia Southern,135,40.99
2013,Furman,136,37.08
2013,Coastal Carolina,137,35.72
2013,Chattanooga,138,34.29
2013,Pennsylvania,139,34.17
2013,Murray State,140,33.47
2013,UAlbany,141,32.8
2013,Sacramento State,142,31.16
2013,Tennessee State,143,30.63
2013,Richmond,144,29.99
2013,Central Arkansas,145,28.88
2013,Indiana State,146,28.73
2013,Delaware,147,28.63
2013,Jackson State,148,28.24
2013,Alcorn State,149,26.36
2013,Duquesne,150,25.58
2013,Southern Illinois,151,25.26
2013,Grand Valley State University,153,24.73
2013,Eastern Washington,154,23.93
2013,Bethune-Cookman,155,23.74
2013,Villanova,156,22.47
2013,Montana State,157,22.21
2013,Illinois State,158,22.06
2013,Northern Arizona,159,21.71
2013,Southern,160,21.62
2013,The Citadel,161,21.42
2013,Stephen F. Austin,162,21.18
2013,Austin Peay,163,21.02
2013,Sam Houston,164,20.96
2013,Lehigh,165,20.11
2013,Montana,166,19.94
2013,Stony Brook,167,19.72
2013,Wofford,168,18.4
2013,SE Louisiana,169,17.21
2013,Northern Colorado,170,16.28
2013,McNeese,171,16.23
2013,Florida A&M,172,15.66
2013,Lamar,173,14.99
2013,Jacksonville,174,14.62
2013,VMI,177,13.93
2013,James Madison,178,13.66
2013,Wagner,179,13.06
2013,Houston Christian,180,12.64
2013,Brown,181,11.99
2013,William & Mary,182,11.99
2013,Columbia,184,10.79
2013,South Dakota State,185,10.0
2013,Alabama A&M,186,9.99
2013,Presbyterian,187,9.99
2013,Towson,188,9.94
2013,Colgate,189,9.83
2013,Youngstown State,192,9.05
2013,UC Davis,193,8.98
2013,UT Martin,194,8.82
2013,Fordham,195,8.51
2013,Alabama State,196,8.12
2013,Stetson,197,7.98
2013,Western Carolina,198,7.83
2013,Bucknell,199,7.79
2013,Maine,200,7.32
2013,Portland State,202,6.81
2013,Weber State,203,6.67
2013,Northern Iowa,204,6.67
2013,Grambling,205,6.67
2013,Western Illinois,206,6.67
2013,Southeast Missouri State,207,6.67
2013,North Dakota,208,6.67
2013,South Dakota,209,6.67
2013,Gardner-Webb,210,5.98
2013,Texas Southern,212,3.33
2013,Dartmouth,213,3.31
2013,Elon,214,1.97
2013,Rhode Island,215,0.0
2013,Robert Morris,216,0.0
2013,Georgetown,217,0.0
2013,North Dakota State,218,0.0
2014,Alabama,1,319.71
2014,LSU,2,299.29
2014,Ohio State,3,296.08
2014,Florida State,4,286.79
2014,Texas A&M,5,278.08
2014,Auburn,6,277.12
2014,Tennessee,7,274.77
2014,Georgia,8,273.39
2014,Florida,9,267.4
2014,USC,10,264.86
2014,Notre Dame,11,260.44
2014,Miami,12,256.08
2014,Stanford,13,250.05
2014,Oklahoma,14,248.94
2014,Ole Miss,15,241.12
2014,Clemson,16,240.73
2014,Texas,17,239.85
2014,UCLA,18,239.74
2014,South Carolina,19,239.33
2014,Michigan,20,233.54
2014,Oregon,21,232.44
2014,Kentucky,22,225.4
2014,Arizona State,23,223.19
2014,Penn State,24,221.35
2014,Baylor,25,218.13
2014,Michigan State,26,217.62
2014,Oklahoma State,27,217.59
2014,Virginia Tech,28,217.39
2014,Arkansas,29,215.5
2014,North Carolina,30,213.58
2014,Arizona,31,213.29
2014,Wisconsin,32,205.44
2014,Virginia,33,205.34
2014,NC State,34,201.31
2014,Nebraska,35,200.24
2014,Mississippi State,36,199.92
2014,Missouri,37,198.53
2014,Washington,38,198.52
2014,West Virginia,39,194.85
2014,Texas Tech,40,191.82
2014,Maryland,41,190.98
2014,South Florida,42,189.74
2014,TCU,43,188.64
2014,Pittsburgh,44,187.66
2014,Louisville,45,183.64
2014,Vanderbilt,46,183.05
2014,Northwestern,47,182.68
2014,Indiana,48,180.46
2014,Kansas State,49,178.29
2014,Kansas,50,177.14
2014,Boston College,51,177.12
2014,Syracuse,52,176.87
2014,Washington State,53,176.62
2014,Georgia Tech,54,175.71
2014,California,55,174.52
2014,Rutgers,56,174.14
2014,Minnesota,57,172.32
2014,Iowa,58,171.84
2014,Iowa State,59,171.65
2014,Oregon State,60,166.96
2014,Duke,61,166.35
2014,Marshall,62,165.64
2014,Boise State,63,163.09
2014,BYU,64,161.71
2014,Cincinnati,65,161.43
2014,Utah,66,160.67
2014,Wake Forest,67,160.4
2014,UCF,68,159.55
2014,Temple,69,156.27
2014,Purdue,70,156.02
2014,Western Michigan,71,153.42
2014,Illinois,72,153.35
2014,San Diego State,73,147.92
2014,Colorado,74,147.9
2014,Houston,75,144.26
2014,East Carolina,76,136.87
2014,Old Dominion,77,136.07
2014,Memphis,78,135.91
2014,Tulsa,79,130.3
2014,SMU,80,128.23
2014,Nevada,81,126.15
2014,Southern Miss,82,125.74
2014,San José State,83,124.98
2014,Fresno State,84,124.42
2014,Middle Tennessee,85,124.03
2014,Colorado State,86,122.77
2014,App State,87,121.25
2014,Western Kentucky,88,121.12
2014,Louisiana Tech,89,119.17
2014,Tulane,90,118.86
2014,Rice,91,117.7
2014,Toledo,92,115.38
2014,New Mexico,93,112.56
2014,Florida Atlantic,94,111.77
2014,Arkansas State,95,111.51
2014,Georgia Southern,96,111.25
2014,Texas State,97,109.9
2014,Northern Illinois,98,109.52
2014,Hawai'i,99,108.34
2014,Buffalo,100,108.06
2014,Ball State,101,107.53
2014,Ohio,102,105.12
2014,North Texas,103,105.0
2014,Yale,104,103.87
2014,Georgia State,105,102.91
2014,Bowling Green,106,102.64
2014,Louisiana,107,102.49
2014,Navy,108,101.9
2014,Florida International,109,100.66
2014,UConn,110,98.31
2014,Utah State,111,97.8
2014,Air Force,112,97.78
2014,Akron,113,97.33
2014,UAB,114,96.13
2014,South Alabama,115,96.08
2014,Central Michigan,116,91.2
2014,UNLV,117,91.15
2014,UTEP,118,89.53
2014,Charlotte,119,89.2
2014,Massachusetts,120,87.9
2014,Army,121,87.22
2014,New Mexico State,122,86.79
2014,Kent State,123,86.65
2014,Eastern Michigan,124,84.89
2014,Miami (OH),125,84.76
2014,UL Monroe,126,84.48
2014,UTSA,127,81.73
2014,Wyoming,128,80.87
2014,Idaho,129,77.86
2014,Illinois State,130,75.99
2014,Chattanooga,131,69.28
2014,Troy,132,64.21
2014,Portland State,133,63.88
2014,Northern Arizona,134,53.85
2014,Charleston Southern,135,48.6
2014,Jacksonville State,136,47.91
2014,UAlbany,138,42.37
2014,Southern Illinois,139,41.96
2014,Harvard,140,41.25
2014,South Carolina State,141,40.82
2014,North Dakota State,142,36.88
2014,Stony Brook,143,35.51
2014,Samford,144,34.42
2014,Tennessee Tech,145,32.99
2014,Kennesaw State,146,32.95
2014,Nicholls,147,32.13
2014,Furman,148,30.83
2014,Princeton,149,30.57
2014,Indiana State,150,30.33
2014,Missouri State,151,28.44
2014,UC Davis,152,27.34
2014,Tennessee State,153,26.59
2014,Wofford,154,26.57
2014,Murray State,155,25.6
2014,Austin Peay,156,25.04
2014,Northern Iowa,157,24.32
2014,Eastern Illinois,158,24.03
2014,East Tennessee State,159,23.78
2014,Mercer,160,23.5
2014,Southeast Missouri State,161,23.39
2014,Towson,162,21.77
2014,Bethune-Cookman,163,20.62
2014,Northern Colorado,164,20.55
2014,Delaware,165,20.34
2014,James Madison,166,20.2
2014,Alabama State,167,20.09
2014,Coastal Carolina,168,19.95
2014,Monmouth,169,19.29
2014,Richmond,170,19.26
2014,Fordham,171,18.92
2014,Youngstown State,173,18.81
2014,William & Mary,174,18.18
2014,South Dakota State,175,17.23
2014,Rhode Island,176,17.0
2014,The Citadel,178,16.76
2014,Eastern Washington,179,16.52
2014,Lamar,180,16.46
2014,Lafayette,181,15.94
2014,Central Arkansas,182,15.73
2014,Western Illinois,183,15.51
2014,Holy Cross,184,15.49
2014,SE Louisiana,185,14.95
2014,Savannah St,187,14.24
2014,Jackson State,188,14.23
2014,McNeese,189,14.19
2014,Pennsylvania,190,13.96
2014,Sam Houston,193,13.29
2014,Idaho State,194,13.29
2014,Colgate,195,13.26
2014,Eastern Kentucky,196,13.24
2014,Grambling,197,13.18
2014,Jacksonville,198,12.94
2014,Presbyterian,199,12.63
2014,Villanova,202,11.66
2014,New Hampshire,203,11.22
2014,UT Martin,206,10.84
2014,Western Carolina,208,10.5
2014,Northwestern State,210,10.04
2014,Robert Morris,211,9.95
2014,Delaware State,212,9.86
2014,Houston Christian,213,9.34
2014,Hampton,214,9.04
2014,Georgetown,216,8.93
2014,North Carolina Central,217,8.89
2014,Cornell,218,8.82
2014,Norfolk State,219,8.64
2014,Duquesne,221,8.32
2014,Prairie View A&M,223,7.93
2014,Liberty,224,7.63
2014,Lehigh,225,7.43
2014,North Carolina A&T,226,6.67
2014,Sacramento State,227,6.67
2014,Stephen F. Austin,228,6.67
2014,Cal Poly,229,6.67
2014,Columbia,230,6.67
2014,Elon,231,6.67
2014,Montana State,232,6.64
2014,South Dakota,233,6.64
2014,Maine,234,6.59
2014,Bucknell,235,6.31
2014,Campbell,236,5.95
2014,Howard,242,3.98
2014,Texas Southern,245,1.97
2014,Marist,279,-0.03
2014,St. Francis (PA),280,-0.03
2014,Wagner,283,-0.03
2014,Southern,286,-0.03
2014,Butler,287,-0.03
2014,Florida A&M,295,-0.03
2014,North Dakota,300,-0.08
2014,VMI,301,-0.09
2015,Alabama,1,311.1
2015,USC,2,310.88
2015,Florida State,3,287.06
2015,Tennessee,4,286.26
2015,LSU,5,284.37
2015,Georgia,6,282.54
2015,Ohio State,7,279.6
2015,Auburn,8,278.31
2015,Clemson,9,277.98
2015,Texas,10,272.49
2015,Texas A&M,11,270.61
2015,UCLA,12,269.68
2015,Notre Dame,13,267.79
2015,Penn State,14,250.0
2015,Oklahoma,15,249.69
2015,Oregon,16,245.79
2015,Ole Miss,17,245.71
2015,Mississippi State,18,237.46
2015,Arizona State,19,232.73
2015,South Carolina,20,230.49
2015,Florida,21,227.46
2015,Arkansas,22,222.51
2015,Michigan State,23,221.77
2015,Stanford,24,220.65
2015,Missouri,25,217.98
2015,Washington,26,215.83
2015,Miami,27,215.49
2015,North Carolina,28,214.05
2015,Virginia Tech,29,212.07
2015,Nebraska,30,211.72
2015,NC State,31,208.69
2015,Texas Tech,32,203.18
2015,Louisville,33,201.4
2015,California,34,198.77
2015,West Virginia,35,198.02
2015,Baylor,36,195.88
2015,Michigan,37,194.82
2015,Kentucky,38,193.19
2015,TCU,39,191.44
2015,Oklahoma State,40,191.28
2015,Wisconsin,41,189.85
2015,Washington State,42,188.41
2015,Arizona,43,186.57
2015,Georgia Tech,44,185.45
2015,Utah,45,183.38
2015,Pittsburgh,46,183.18
2015,Maryland,47,182.31
2015,Illinois,48,181.74
2015,Vanderbilt,49,181.37
2015,Virginia,50,179.92
2015,Wake Forest,51,176.85
2015,Duke,52,175.77
2015,Indiana,53,175.35
2015,Kansas State,54,175.02
2015,Northwestern,55,174.83
2015,Rutgers,56,172.19
2015,Syracuse,57,172.06
2015,Boise State,58,171.68
2015,Iowa,59,169.99
2015,Boston College,60,169.45
2015,Oregon State,61,167.89
2015,San José State,62,167.14
2015,Minnesota,63,167.01
2015,Iowa State,64,166.5
2015,BYU,65,165.06
2015,South Florida,66,163.15
2015,Purdue,67,162.85
2015,Cincinnati,68,162.45
2015,Colorado,69,162.04
2015,San Diego State,70,161.96
2015,UCF,71,160.78
2015,Fresno State,72,155.02
2015,Kansas,73,153.94
2015,Miami (OH),74,150.48
2015,Marshall,75,149.98
2015,Western Michigan,76,147.78
2015,Memphis,77,146.79
2015,Louisiana,78,146.18
2015,Florida Atlantic,79,146.02
2015,Temple,80,143.34
2015,SMU,81,142.99
2015,Louisiana Tech,82,142.32
2015,Northern Illinois,83,138.94
2015,Toledo,84,138.12
2015,Georgia Southern,85,137.18
2015,Middle Tennessee,86,134.77
2015,Southern Miss,87,133.4
2015,South Alabama,88,132.17
2015,Houston,89,131.58
2015,Arkansas State,90,131.45
2015,Tulane,91,128.9
2015,Ohio,92,128.68
2015,East Carolina,93,126.85
2015,North Texas,94,126.6
2015,Texas State,95,124.71
2015,Utah State,96,124.56
2015,Central Michigan,97,123.63
2015,Nevada,98,122.5
2015,UConn,99,120.89
2015,Florida International,100,120.42
2015,Rice,101,120.11
2015,Kent State,102,119.93
2015,UTSA,103,119.88
2015,Bowling Green,104,119.83
2015,Ball State,105,119.7
2015,UNLV,106,119.46
2015,Massachusetts,107,118.12
2015,UL Monroe,108,116.67
2015,Tulsa,109,116.08
2015,Old Dominion,110,115.65
2015,Western Kentucky,111,115.65
2015,Navy,112,114.7
2015,Wyoming,113,114.32
2015,App State,114,112.03
2015,Eastern Michigan,115,110.15
2015,New Mexico,116,110.03
2015,Troy,117,107.58
2015,Buffalo,118,103.21
2015,Colorado State,119,101.72
2015,Army,120,100.83
2015,Idaho,121,98.54
2015,Hawai'i,122,98.16
2015,Air Force,123,98.02
2015,Georgia State,124,90.61
2015,New Mexico State,125,87.78
2015,Charlotte,126,86.91
2015,Akron,127,82.38
2015,UTEP,128,73.03
2015,Harvard,129,67.37
2015,Northern Arizona,130,65.76
2015,Chattanooga,131,63.37
2015,North Dakota State,132,63.16
2015,Jacksonville State,133,59.0
2015,Towson,134,47.49
2015,James Madison,135,46.41
2015,Yale,136,45.08
2015,Western Carolina,137,43.67
2015,Stephen F. Austin,138,41.3
2015,UT Martin,139,39.72
2015,UC Davis,140,39.45
2015,Northern Iowa,141,39.11
2015,Liberty,142,38.13
2015,Samford,143,37.8
2015,South Dakota,145,37.56
2015,Southern Illinois,146,37.12
2015,Montana,147,37.09
2015,Southeast Missouri State,148,36.75
2015,South Carolina State,149,36.33
2015,Lafayette,150,35.89
2015,Weber State,151,35.75
2015,Princeton,152,35.28
2015,Austin Peay,153,35.12
2015,Monmouth,154,35.02
2015,Cal Poly,155,34.98
2015,Villanova,156,34.1
2015,William & Mary,157,33.75
2015,South Dakota State,158,33.71
2015,Florida A&M,159,32.93
2015,Furman,160,32.92
2015,Duquesne,161,32.39
2015,Delaware,162,32.38
2015,Illinois State,163,32.28
2015,East Tennessee State,164,31.28
2015,Alcorn State,165,30.6
2015,The Citadel,166,30.4
2015,Wofford,167,30.13
2015,Sam Houston,168,29.96
2015,Western Illinois,169,28.88
2015,Bethune-Cookman,170,26.73
2015,Coastal Carolina,171,26.71
2015,Dartmouth,172,26.36
2015,Colgate,173,26.17
2015,Rhode Island,174,25.89
2015,SE Louisiana,175,24.51
2015,Mercer,176,23.29
2015,Northwestern State,177,22.92
2015,North Dakota,178,22.25
2015,Eastern Washington,179,22.02
2015,Texas Southern,180,21.52
2015,Lehigh,182,21.25
2015,Youngstown State,183,21.21
2015,Central Arkansas,184,21.06
2015,Indiana State,185,19.63
2015,Tennessee Tech,186,19.23
2015,Prairie View A&M,187,18.14
2015,Presbyterian,188,16.93
2015,Gardner-Webb,189,16.8
2015,New Hampshire,190,16.61
2015,Kennesaw State,193,15.83
2015,Richmond,195,15.69
2015,St. Francis (PA),196,15.51
2015,Robert Morris,197,14.96
2015,Cornell,198,13.69
2015,Marist,199,13.67
2015,Northern Colorado,201,13.33
2015,Portland State,202,13.29
2015,Holy Cross,203,13.29
2015,Hampton,204,12.87
2015,Grand Valley State University,205,12.2
2015,Bucknell,207,11.95
2015,North Carolina Central,208,11.23
2015,Charleston Southern,209,11.13
2015,Elon,210,11.06
2015,Eastern Kentucky,211,11.01
2015,McNeese,213,10.93
2015,Valparaiso,214,10.32
2015,Missouri State,215,10.0
2015,Alabama State,216,9.97
2015,Jackson State,218,9.56
2015,Columbia,219,9.46
2015,Murray State,220,9.32
2015,Maine,223,8.86
2015,Idaho State,224,8.57
2015,Norfolk State,225,7.98
2015,Montana State,226,7.98
2015,Stony Brook,227,7.82
2015,Tennessee State,228,7.57
2015,Georgetown,229,6.92
2015,Butler,230,6.67
2015,Sacramento State,231,6.67
2015,Lamar,233,6.31
2015,Southern Utah,234,5.98
2015,Fordham,235,5.0
2015,Delaware State,236,4.98
2015,Mississippi Valley State,238,3.3
2015,Savannah St,263,0.0
2015,UAB,264,0.0
2015,Jacksonville,265,-0.03
2015,Morgan State,266,-0.03
2015,North Carolina A&T,267,-0.03
2015,UAlbany,268,-0.06
2016,Alabama,1,302.04
2016,LSU,2,295.03
2016,Florida State,3,294.83
2016,Ohio State,4,289.12
2016,Ole Miss,5,281.69
2016,Georgia,6,281.31
2016,Texas,7,280.66
2016,Michigan,8,280.38
2016,Auburn,9,275.14
2016,USC,10,273.71
2016,Clemson,11,271.16
2016,Florida,12,260.96
2016,UCLA,13,259.06
2016,Tennessee,14,253.94
2016,Notre Dame,15,249.43
2016,Stanford,16,245.82
2016,Michigan State,17,239.13
2016,Texas A&M,18,238.94
2016,Oklahoma,19,238.73
2016,Penn State,20,237.79
2016,TCU,21,235.79
2016,Miami,22,231.78
2016,Arkansas,23,219.34
2016,Arizona State,24,217.62
2016,South Carolina,25,216.77
2016,Nebraska,26,216.76
2016,Oregon,27,216.42
2016,Mississippi State,28,211.11
2016,Washington,29,209.87
2016,Pittsburgh,30,209.23
2016,California,31,207.8
2016,North Carolina,32,204.83
2016,Duke,33,204.67
2016,Kentucky,34,204.07
2016,Wisconsin,35,202.85
2016,Houston,36,201.5
2016,Utah,37,200.66
2016,Louisville,38,196.02
2016,West Virginia,39,194.45
2016,Baylor,40,191.99
2016,Maryland,41,190.15
2016,Virginia Tech,42,190.06
2016,Missouri,43,188.37
2016,Texas Tech,44,184.64
2016,Oklahoma State,45,184.33
2016,Minnesota,46,182.22
2016,Iowa,47,181.39
2016,Arizona,48,180.42
2016,BYU,49,177.85
2016,NC State,50,177.67
2016,Marshall,51,176.55
2016,Northwestern,52,174.91
2016,Indiana,53,172.23
2016,Vanderbilt,54,171.54
2016,Iowa State,55,170.58
2016,Washington State,56,169.74
2016,Wake Forest,57,169.4
2016,Oregon State,58,169.17
2016,Temple,59,167.55
2016,Georgia Tech,60,167.13
2016,Memphis,61,165.98
2016,Syracuse,62,165.15
2016,Virginia,63,164.95
2016,Rutgers,64,163.8
2016,UCF,65,162.22
2016,South Florida,66,161.21
2016,Western Michigan,67,160.72
2016,Boise State,68,160.66
2016,Colorado,69,160.42
2016,Kansas,70,159.19
2016,UAB,71,158.61
2016,Kansas State,72,155.49
2016,Illinois,73,153.64
2016,Cincinnati,74,152.74
2016,SMU,75,152.27
2016,Colorado State,76,150.5
2016,Georgia Southern,77,149.4
2016,Boston College,78,146.69
2016,East Carolina,79,146.62
2016,Purdue,80,145.09
2016,UNLV,81,142.78
2016,San Diego State,82,141.93
2016,New Mexico,83,141.76
2016,San José State,84,137.84
2016,Fresno State,85,137.22
2016,Massachusetts,86,136.04
2016,South Alabama,87,134.08
2016,Toledo,88,132.92
2016,Florida Atlantic,89,132.74
2016,Arkansas State,90,132.18
2016,Navy,91,132.07
2016,Utah State,92,130.65
2016,Miami (OH),93,129.79
2016,Louisiana Tech,94,128.91
2016,Tulsa,95,128.52
2016,Middle Tennessee,96,128.26
2016,Tulane,97,127.78
2016,Troy,98,127.73
2016,UConn,99,126.83
2016,Southern Miss,100,126.05
2016,Western Kentucky,101,124.1
2016,North Texas,102,122.36
2016,UTSA,103,120.32
2016,Florida International,104,119.8
2016,Nevada,105,118.76
2016,Louisiana,106,115.83
2016,Central Michigan,107,112.52
2016,Hawai'i,108,111.87
2016,App State,109,111.72
2016,Texas State,110,111.71
2016,Bowling Green,111,111.58
2016,Northern Illinois,112,111.4
2016,Ball State,113,110.91
2016,Air Force,114,110.9
2016,Ohio,115,109.82
2016,Wyoming,116,109.65
2016,Army,117,108.9
2016,Buffalo,118,107.51
2016,Charlotte,119,106.83
2016,Old Dominion,120,106.63
2016,Eastern Michigan,121,102.89
2016,Yale,122,102.29
2016,Idaho,123,101.42
2016,UL Monroe,124,99.51
2016,UTEP,125,99.39
2016,Coastal Carolina,126,97.11
2016,Georgia State,127,96.32
2016,New Mexico State,128,94.49
2016,Rice,129,93.86
2016,Columbia,130,90.67
2016,Kent State,131,82.77
2016,Akron,132,82.29
2016,Tennessee State,133,81.09
2016,Stephen F. Austin,134,79.35
2016,Lamar,135,79.32
2016,North Dakota State,136,77.25
2016,Montana,137,75.88
2016,Northern Arizona,138,75.01
2016,Harvard,139,74.84
2016,Sam Houston,140,69.3
2016,UC Davis,141,69.2
2016,Northern Iowa,142,68.3
2016,Austin Peay,144,67.88
2016,Eastern Washington,145,64.63
2016,Samford,146,64.62
2016,Florida A&M,147,63.31
2016,Central Arkansas,148,62.3
2016,South Dakota State,149,61.31
2016,Grand Valley State University,150,60.25
2016,Jacksonville State,151,58.06
2016,Richmond,152,57.89
2016,Northern Colorado,153,56.31
2016,Eastern Kentucky,154,56.1
2016,Bethune-Cookman,155,56.07
2016,James Madison,156,55.72
2016,Southeast Missouri State,157,55.17
2016,Pennsylvania,158,53.42
2016,South Dakota,159,49.75
2016,Tennessee Tech,160,49.02
2016,Weber State,161,48.18
2016,Western Carolina,162,47.73
2016,McNeese,163,46.78
2016,Wofford,164,46.72
2016,Montana State,165,46.61
2016,Youngstown State,166,46.34
2016,Portland State,167,46.18
2016,Rhode Island,168,46.14
2016,Idaho State,169,45.42
2016,Furman,170,45.22
2016,Murray State,171,42.71
2016,Dartmouth,172,42.51
2016,Princeton,173,42.21
2016,Nicholls,174,41.98
2016,SE Louisiana,175,40.99
2016,Indiana State,176,39.37
2016,Southern Utah,177,38.01
2016,Lehigh,178,37.73
2016,Towson,179,37.47
2016,Liberty,180,35.65
2016,Northwestern State,181,35.3
2016,Illinois State,182,34.92
2016,Chattanooga,183,34.03
2016,Delaware,184,32.74
2016,Jackson State,185,31.8
2016,Villanova,186,30.97
2016,Mercer,187,29.96
2016,Prairie View A&M,188,29.53
2016,Cal Poly,189,29.43
2016,Gardner-Webb,190,29.25
2016,William & Mary,191,27.71
2016,South Carolina State,192,27.65
2016,Missouri State,193,27.34
2016,Southern,194,26.44
2016,Alabama State,195,26.02
2016,Alcorn State,196,25.55
2016,Stony Brook,197,25.36
2016,UAlbany,198,25.3
2016,Eastern Illinois,199,25.15
2016,North Carolina Central,200,24.82
2016,Charleston Southern,201,24.29
2016,Savannah St,202,24.24
2016,North Dakota,203,21.96
2016,Robert Morris,204,21.06
2016,San Diego,205,20.91
2016,VMI,206,20.11
2016,Kennesaw State,207,20.0
2016,Georgetown,208,19.96
2016,Delaware State,209,19.92
2016,Bucknell,210,19.13
2016,Fordham,211,19.12
2016,Holy Cross,213,18.82
2016,Presbyterian,215,17.72
2016,Norfolk State,216,16.68
2016,Southern Illinois,217,16.63
2016,Hampton,218,15.61
2016,Elon,219,15.61
2016,Morehead State,220,15.51
2016,Colgate,221,15.51
2016,New Hampshire,222,14.63
2016,North Carolina A&T,223,14.61
2016,Lafayette,224,14.44
2016,Sacred Heart,231,12.5
2016,Cornell,232,12.21
2016,UT Martin,233,11.94
2016,Western Illinois,234,11.29
2016,Brown,236,10.69
2016,Houston Christian,239,9.95
2016,Monmouth,241,8.82
2016,Alabama A&M,242,8.42
2016,The Citadel,243,7.67
2016,Campbell,244,6.67
2016,Morgan State,246,6.67
2016,Texas Southern,248,6.67
2016,Central Connecticut,256,6.67
2016,Drake,259,5.31
2016,Wagner,261,0.0
2016,Howard,285,-0.03
2016,Maine,286,-0.11
2017,Alabama,1,323.87
2017,Ohio State,2,312.14
2017,Georgia,3,301.6
2017,USC,4,297.1
2017,Michigan,5,296.03
2017,Florida State,6,292.88
2017,LSU,7,287.66
2017,Oklahoma,8,270.79
2017,Auburn,9,255.92
2017,Notre Dame,10,251.32
2017,Florida,11,251.23
2017,Miami,12,248.67
2017,Texas A&M,13,248.58
2017,Stanford,14,246.79
2017,Penn State,15,240.47
2017,Clemson,16,238.91
2017,Tennessee,17,237.21
2017,Maryland,18,230.17
2017,Oregon,19,230.04
2017,UCLA,20,229.13
2017,South Carolina,21,227.58
2017,Washington,22,224.74
2017,Nebraska,23,224.33
2017,Mississippi State,24,220.22
2017,Texas,25,217.76
2017,Virginia Tech,26,217.74
2017,Arkansas,27,212.74
2017,TCU,28,210.03
2017,North Carolina,29,207.81
2017,Kentucky,30,207.73
2017,Ole Miss,31,207.63
2017,Arizona State,32,206.68
2017,Utah,33,205.78
2017,Louisville,34,205.15
2017,Colorado,35,203.78
2017,Michigan State,36,203.65
2017,Pittsburgh,37,202.12
2017,Oklahoma State,38,194.18
2017,Wisconsin,39,193.87
2017,Baylor,40,193.36
2017,Iowa,41,191.44
2017,Rutgers,42,189.01
2017,Missouri,43,187.71
2017,Washington State,44,186.45
2017,Arizona,45,185.88
2017,Illinois,46,185.24
2017,Duke,47,184.46
2017,Georgia Tech,48,184.4
2017,Texas Tech,49,183.07
2017,Northwestern,50,182.07
2017,Oregon State,51,181.32
2017,Iowa State,52,180.53
2017,NC State,53,180.46
2017,Syracuse,54,180.08
2017,UCF,55,178.34
2017,Memphis,56,177.6
2017,West Virginia,57,174.68
2017,Virginia,58,172.5
2017,Minnesota,59,171.42
2017,Florida Atlantic,60,171.18
2017,Kansas State,61,169.37
2017,Indiana,62,167.99
2017,Cincinnati,63,167.8
2017,Boise State,64,167.43
2017,Vanderbilt,65,167.42
2017,BYU,66,167.37
2017,Boston College,67,162.61
2017,Wake Forest,68,161.99
2017,Houston,69,160.34
2017,California,70,159.53
2017,Kansas,71,159.35
2017,Purdue,72,158.89
2017,Colorado State,73,158.09
2017,Southern Miss,74,152.71
2017,UTSA,75,151.48
2017,South Florida,76,150.65
2017,San Diego State,77,149.69
2017,Toledo,78,146.6
2017,East Carolina,79,144.55
2017,SMU,80,140.4
2017,Bowling Green,81,138.14
2017,Western Kentucky,82,138.03
2017,Florida International,83,137.75
2017,Fresno State,84,137.74
2017,Tulsa,85,135.07
2017,Hawai'i,86,133.96
2017,Marshall,87,132.84
2017,Navy,88,131.73
2017,Western Michigan,89,129.94
2017,Ball State,90,128.8
2017,Middle Tennessee,91,128.1
2017,Texas State,92,127.89
2017,Central Michigan,93,127.4
2017,Miami (OH),94,126.73
2017,Nevada,95,125.03
2017,Troy,96,123.9
2017,Northern Illinois,97,122.74
2017,San José State,98,122.11
2017,Wyoming,99,122.05
2017,Louisiana Tech,100,121.72
2017,UConn,101,121.64
2017,UL Monroe,102,121.55
2017,Ohio,103,120.83
2017,Utah State,104,120.0
2017,Georgia State,105,119.23
2017,Georgia Southern,106,118.78
2017,App State,107,116.78
2017,UAB,108,115.95
2017,Air Force,109,115.88
2017,Massachusetts,110,115.82
2017,Arkansas State,111,114.91
2017,Tulane,112,114.66
2017,Buffalo,113,112.97
2017,Charlotte,114,111.82
2017,North Texas,115,111.16
2017,South Alabama,116,110.24
2017,UNLV,117,109.9
2017,New Mexico,118,109.85
2017,Temple,119,108.13
2017,Army,120,106.37
2017,Louisiana,121,104.33
2017,Rice,122,101.12
2017,Eastern Michigan,123,100.97
2017,Old Dominion,124,99.41
2017,Harvard,125,99.16
2017,Coastal Carolina,126,96.51
2017,Yale,127,95.54
2017,Kent State,128,94.88
2017,New Mexico State,129,94.57
2017,Eastern Washington,130,92.82
2017,Akron,131,88.91
2017,Austin Peay,132,88.84
2017,UTEP,133,85.51
2017,Idaho,134,83.36
2017,North Dakota State,135,82.65
2017,Grand Valley State University,136,79.98
2017,Southern Illinois,137,79.79
2017,Mercer,138,79.49
2017,Pennsylvania,139,79.22
2017,Northern Arizona,140,77.63
2017,Villanova,141,73.85
2017,Eastern Kentucky,142,73.32
2017,Montana State,143,71.96
2017,South Dakota State,144,70.87
2017,Sam Houston,145,69.78
2017,South Dakota,146,69.54
2017,James Madison,147,67.71
2017,Jacksonville State,148,66.06
2017,Weber State,149,64.24
2017,Chattanooga,151,60.61
2017,Delaware,152,58.54
2017,Stephen F. Austin,153,56.96
2017,Southern Utah,154,56.45
2017,Princeton,155,56.04
2017,Illinois State,156,54.55
2017,UC Davis,157,54.27
2017,North Dakota,158,53.96
2017,Stony Brook,159,51.96
2017,Kennesaw State,160,51.87
2017,Texas Southern,161,51.76
2017,Savannah St,162,49.86
2017,UT Martin,163,49.44
2017,Montana,164,48.96
2017,Northern Colorado,165,47.94
2017,Lamar,166,47.23
2017,Columbia,167,43.63
2017,Monmouth,168,40.88
2017,Tennessee State,169,40.82
2017,Lafayette,170,40.25
2017,Liberty,171,40.17
2017,William & Mary,172,39.61
2017,Portland State,173,37.83
2017,Brown,174,37.71
2017,Western Illinois,176,36.02
2017,Dartmouth,177,35.05
2017,Houston Christian,178,34.26
2017,Southeast Missouri State,179,33.67
2017,Prairie View A&M,180,33.37
2017,Cornell,181,32.15
2017,Missouri State,182,32.02
2017,Sacramento State,183,31.33
2017,McNeese,184,31.02
2017,Holy Cross,185,30.54
2017,Tennessee Tech,186,30.13
2017,The Citadel,187,29.98
2017,Jackson State,188,28.73
2017,Western Carolina,189,28.39
2017,East Tennessee State,190,27.81
2017,Howard,191,27.75
2017,Northern Iowa,192,26.77
2017,North Carolina Central,193,26.67
2017,Alcorn State,195,25.22
2017,Fordham,196,24.95
2017,Indiana State,197,24.61
2017,Lehigh,198,24.26
2017,Youngstown State,199,24.07
2017,Richmond,200,22.7
2017,Alabama A&M,201,21.83
2017,Northwestern State,202,21.78
2017,Samford,203,21.72
2017,UAlbany,204,20.4
2017,Towson,205,18.5
2017,Florida A&M,206,18.09
2017,Wofford,207,17.5
2017,Morgan State,209,15.74
2017,Charleston Southern,210,15.53
2017,Stetson,211,15.21
2017,St. Francis (PA),212,14.94
2017,Cal Poly,213,14.46
2017,New Hampshire,215,13.6
2017,Southern,218,12.97
2017,Furman,219,12.6
2017,Delaware State,221,11.65
2017,Campbell,222,11.39
2017,Murray State,223,10.99
2017,Dayton,224,10.68
2017,Maine,226,10.24
2017,Colgate,227,10.05
2017,South Carolina State,228,9.98
2017,SE Louisiana,232,9.03
2017,Idaho State,234,8.17
2017,Bethune-Cookman,235,7.76
2017,Central Arkansas,236,7.63
2017,VMI,238,6.81
2017,Eastern Illinois,242,6.67
2017,Marist,243,6.67
2017,Elon,245,6.67
2017,San Diego,246,6.67
2017,Nicholls,249,6.67
2017,Sacred Heart,251,5.92
2017,Morehead State,252,5.81
2017,North Carolina A&T,256,2.97
2017,Gardner-Webb,257,1.97
2018,Georgia,1,323.31
2018,Ohio State,2,317.06
2018,Texas,3,300.06
2018,USC,4,291.2
2018,Alabama,5,289.94
2018,Penn State,6,285.92
2018,Clemson,7,283.67
2018,Miami,8,280.87
2018,Oklahoma,9,276.62
2018,Notre Dame,10,268.86
2018,Florida State,11,265.42
2018,Auburn,12,262.77
2018,Oregon,13,260.22
2018,Florida,14,259.56
2018,LSU,15,254.38
2018,Washington,16,253.23
2018,Texas A&M,17,251.2
2018,South Carolina,18,242.04
2018,UCLA,19,237.77
2018,North Carolina,20,232.27
2018,Tennessee,21,231.34
2018,Michigan,22,230.56
2018,Nebraska,23,227.95
2018,Virginia Tech,24,226.01
2018,TCU,25,224.13
2018,NC State,26,220.57
2018,Mississippi State,27,218.47
2018,Maryland,28,218.34
2018,Baylor,29,215.02
2018,Louisville,30,213.58
2018,Michigan State,31,212.21
2018,Ole Miss,32,211.49
2018,Utah,33,209.95
2018,Oklahoma State,34,209.93
2018,West Virginia,35,208.32
2018,Arizona State,36,207.26
2018,Kentucky,37,206.91
2018,Minnesota,38,206.66
2018,Iowa,39,203.34
2018,Stanford,40,202.29
2018,Vanderbilt,41,202.04
2018,California,42,197.41
2018,Missouri,43,197.38
2018,Georgia Tech,44,196.94
2018,Wisconsin,45,195.04
2018,Washington State,46,194.84
2018,Pittsburgh,47,193.19
2018,Cincinnati,48,192.64
2018,Arkansas,49,192.11
2018,Indiana,50,190.77
2018,Syracuse,51,189.14
2018,Purdue,52,188.31
2018,Colorado,53,187.11
2018,Illinois,54,185.83
2018,Iowa State,55,185.19
2018,Rutgers,56,184.28
2018,Boise State,57,183.46
2018,Northwestern,58,180.18
2018,Virginia,59,178.6
2018,Kansas,60,178.59
2018,Arizona,61,178.03
2018,UCF,62,177.05
2018,Duke,63,176.85
2018,Wake Forest,64,176.31
2018,South Florida,65,176.25
2018,Kansas State,66,175.65
2018,Toledo,67,174.0
2018,Tulane,68,173.75
2018,Florida International,69,173.58
2018,Oregon State,70,173.14
2018,Boston College,71,172.47
2018,Texas Tech,72,169.87
2018,Houston,73,166.86
2018,Marshall,74,165.85
2018,Florida Atlantic,75,163.9
2018,Western Michigan,76,163.69
2018,Louisiana Tech,77,162.18
2018,BYU,78,160.52
2018,San Diego State,79,159.56
2018,Southern Miss,80,157.89
2018,Memphis,81,157.28
2018,Nevada,82,155.96
2018,Temple,83,155.39
2018,Western Kentucky,84,154.77
2018,UTSA,85,152.98
2018,Colorado State,86,152.79
2018,SMU,87,151.67
2018,Arkansas State,88,148.03
2018,East Carolina,89,147.43
2018,Georgia Southern,90,146.64
2018,Bowling Green,91,144.03
2018,Fresno State,92,141.73
2018,Northern Illinois,93,141.69
2018,San José State,94,140.86
2018,Georgia State,95,140.45
2018,Hawai'i,96,138.46
2018,Tulsa,97,137.25
2018,Troy,98,136.65
2018,UNLV,99,131.08
2018,Kent State,100,127.72
2018,North Texas,101,127.14
2018,UConn,102,125.87
2018,UAB,103,125.49
2018,Middle Tennessee,104,125.31
2018,Louisiana,105,124.91
2018,Navy,106,124.71
2018,Texas State,107,124.24
2018,Massachusetts,108,123.66
2018,Utah State,109,123.61
2018,Eastern Michigan,110,121.54
2018,Charlotte,111,120.43
2018,Rice,112,120.42
2018,App State,113,120.2
2018,Coastal Carolina,114,120.13
2018,South Alabama,115,120.03
2018,Princeton,116,119.03
2018,Army,117,118.69
2018,UL Monroe,118,116.57
2018,Ball State,119,115.57
2018,Central Michigan,120,111.22
2018,Ohio,121,110.94
2018,Air Force,122,110.51
2018,Yale,123,110.5
2018,New Mexico,124,110.31
2018,New Mexico State,125,109.3
2018,Wyoming,126,109.14
2018,Akron,127,108.81
2018,Old Dominion,128,108.27
2018,UTEP,129,105.24
2018,Miami (OH),130,103.16
2018,Montana State,131,95.13
2018,Idaho,132,90.2
2018,Austin Peay,133,88.36
2018,North Dakota State,134,86.92
2018,Harvard,135,82.06
2018,Buffalo,136,81.31
2018,Liberty,137,80.33
2018,Mercer,138,80.23
2018,Chattanooga,139,80.04
2018,Eastern Washington,140,75.03
2018,Eastern Kentucky,141,73.04
2018,Jacksonville State,142,72.9
2018,Southern Illinois,143,69.52
2018,Tennessee Tech,144,60.57
2018,UT Martin,145,58.52
2018,Pennsylvania,146,57.03
2018,Kennesaw State,147,52.74
2018,Stephen F. Austin,148,50.86
2018,Grambling,149,44.91
2018,Southern Utah,150,44.53
2018,Columbia,151,42.38
2018,Lamar,152,41.65
2018,UC Davis,153,39.09
2018,Alcorn State,154,38.0
2018,Central Arkansas,155,37.36
2018,Howard,156,34.71
2018,Tennessee State,157,34.68
2018,Furman,158,34.46
2018,Sacramento State,159,33.19
2018,Weber State,160,31.5
2018,Stony Brook,161,31.48
2018,Montana,162,30.84
2018,Illinois State,163,30.7
2018,North Dakota,164,30.23
2018,Western Carolina,165,28.54
2018,Murray State,166,28.3
2018,Fordham,168,27.25
2018,Grand Valley State University,169,27.19
2018,James Madison,171,26.73
2018,Dartmouth,172,25.43
2018,Sam Houston,173,25.16
2018,Youngstown State,174,25.11
2018,The Citadel,175,24.53
2018,Houston Christian,176,24.06
2018,Gardner-Webb,177,23.2
2018,Prairie View A&M,178,22.85
2018,Idaho State,179,21.73
2018,Lafayette,180,20.12
2018,Sacred Heart,182,19.08
2018,Missouri State,183,17.93
2018,South Dakota,184,17.69
2018,Campbell,185,17.51
2018,Western Illinois,186,16.91
2018,Villanova,187,16.91
2018,Bethune-Cookman,188,16.91
2018,Northern Iowa,189,16.88
2018,Portland State,190,16.74
2018,Duquesne,191,16.59
2018,Texas Southern,192,16.3
2018,Holy Cross,193,16.26
2018,Alabama State,194,15.57
2018,Samford,195,15.4
2018,Charleston Southern,196,15.0
2018,Northwestern State,197,14.69
2018,Northern Arizona,198,14.61
2018,McNeese,199,14.46
2018,North Carolina A&T,200,14.16
2018,Rhode Island,203,12.15
2018,Lehigh,204,11.91
2018,Elon,206,11.15
2018,Butler,207,11.15
2018,William & Mary,208,11.15
2018,SE Louisiana,209,11.11
2018,Towson,210,10.92
2018,Savannah St,211,10.04
2018,Mississippi Valley State,213,9.53
2018,Florida A&M,214,9.03
2018,Morgan State,215,8.95
2018,Wofford,217,8.91
2018,Jacksonville,218,8.89
2018,East Tennessee State,219,8.53
2018,Richmond,221,8.42
2018,Southeast Missouri State,222,8.02
2018,Monmouth,223,7.98
2018,New Hampshire,224,7.98
2018,Delaware,225,7.98
2018,Alabama A&M,226,7.98
2018,VMI,227,7.98
2018,Colgate,229,6.98
2018,Brown,232,6.41
2018,Cal Poly,233,5.97
2018,Morehead State,235,5.8
2018,South Dakota State,237,4.97
2018,Wagner,238,4.97
2018,Indiana State,239,4.93
2018,Eastern Illinois,240,3.97
2018,South Carolina State,241,3.97
2018,Drake,245,0.97
2018,Cornell,278,-0.04
2019,Alabama,1,317.5
2019,Georgia,2,309.12
2019,Texas,3,287.69
2019,Texas A&M,4,285.46
2019,LSU,5,284.06
2019,Oklahoma,6,279.28
2019,Oregon,7,277.98
2019,Michigan,8,277.15
2019,Florida,9,276.85
2019,Clemson,10,275.55
2019,Auburn,11,271.94
2019,Penn State,12,270.67
2019,Tennessee,13,269.07
2019,Ohio State,14,261.18
2019,Washington,15,259.19
2019,Notre Dame,16,258.56
2019,South Carolina,17,247.26
2019,Nebraska,18,245.1
2019,Florida State,19,244.31
2019,USC,20,243.51
2019,Stanford,21,242.58
2019,Ole Miss,22,238.11
2019,Arkansas,23,237.17
2019,Mississippi State,24,236.6
2019,Purdue,25,224.72
2019,Virginia Tech,26,224.01
2019,Miami,27,222.07
2019,Arizona State,28,219.76
2019,Wisconsin,29,219.51
2019,North Carolina,30,218.57
2019,NC State,31,217.29
2019,Michigan State,32,215.21
2019,TCU,33,210.62
2019,Kentucky,34,203.49
2019,Baylor,35,203.39
2019,Indiana,36,202.63
2019,Missouri,37,202.13
2019,Oklahoma State,38,202.09
2019,Virginia,39,200.89
2019,UCLA,40,199.61
2019,Iowa,41,199.36
2019,Utah,42,196.61
2019,California,43,196.48
2019,Colorado,44,194.55
2019,Minnesota,45,194.48
2019,Iowa State,46,192.25
2019,Maryland,47,192.18
2019,West Virginia,48,191.83
2019,Duke,49,191.38
2019,Boise State,50,189.93
2019,Georgia Tech,51,188.28
2019,Northwestern,52,188.14
2019,Illinois,53,184.37
2019,Arizona,54,182.67
2019,Syracuse,55,182.67
2019,Vanderbilt,56,182.42
2019,Wake Forest,57,182.26
2019,Pittsburgh,58,181.53
2019,UCF,59,179.69
2019,Florida Atlantic,60,178.99
2019,Texas Tech,61,177.69
2019,Kansas State,62,177.4
2019,Boston College,63,177.26
2019,Rutgers,64,174.33
2019,Washington State,65,174.14
2019,Oregon State,66,172.88
2019,Memphis,67,172.4
2019,SMU,68,167.28
2019,Louisville,69,165.93
2019,Kansas,70,165.84
2019,Marshall,71,165.42
2019,Houston,72,165.39
2019,Toledo,73,162.01
2019,UAB,74,160.48
2019,North Texas,75,158.78
2019,Louisiana,76,158.45
2019,South Florida,77,158.44
2019,East Carolina,78,158.4
2019,Cincinnati,79,158.17
2019,Troy,80,157.59
2019,BYU,81,156.76
2019,Southern Miss,82,156.39
2019,Louisiana Tech,83,155.46
2019,Colorado State,84,155.22
2019,Middle Tennessee,85,154.43
2019,Western Kentucky,86,153.89
2019,Fresno State,87,153.5
2019,Florida International,88,152.57
2019,Miami (OH),89,151.13
2019,Utah State,90,149.92
2019,San Diego State,91,149.19
2019,Western Michigan,92,148.7
2019,Nevada,93,145.27
2019,Tulane,94,144.82
2019,Arkansas State,95,143.36
2019,UTSA,96,142.31
2019,Wyoming,97,140.75
2019,Georgia State,98,140.37
2019,Army,99,139.75
2019,UNLV,100,139.57
2019,App State,101,139.0
2019,Kent State,102,138.12
2019,Ohio,103,138.11
2019,Central Michigan,104,137.96
2019,Temple,105,136.56
2019,Buffalo,106,134.64
2019,Air Force,107,134.5
2019,Northern Illinois,108,134.16
2019,Tulsa,109,133.88
2019,Portland State,110,132.85
2019,Rice,111,132.03
2019,UTEP,112,131.98
2019,Massachusetts,113,130.79
2019,Akron,114,130.23
2019,Hawai'i,115,129.53
2019,Old Dominion,116,128.31
2019,UConn,117,127.68
2019,San José State,118,127.53
2019,New Mexico,119,126.28
2019,New Mexico State,120,125.55
2019,Georgia Southern,121,125.24
2019,Coastal Carolina,122,125.06
2019,Eastern Michigan,123,124.99
2019,Navy,124,124.39
2019,Ball State,125,122.89
2019,South Alabama,126,122.8
2019,Harvard,127,121.09
2019,UL Monroe,128,119.38
2019,Bowling Green,129,115.37
2019,Princeton,130,115.29
2019,Stephen F. Austin,131,113.58
2019,Charlotte,132,112.69
2019,Texas State,133,111.1
2019,Yale,134,110.17
2019,Liberty,135,108.39
2019,Central Arkansas,136,106.84
2019,Idaho,137,99.19
2019,Eastern Washington,138,94.76
2019,Mercer,139,92.53
2019,Eastern Kentucky,140,90.32
2019,UC Davis,141,90.14
2019,North Dakota State,142,86.93
2019,Northern Arizona,144,84.4
2019,Jacksonville State,145,79.23
2019,Idaho State,146,72.23
2019,James Madison,147,70.12
2019,Montana,148,69.85
2019,Illinois State,149,69.17
2019,Kennesaw State,150,69.12
2019,Montana State,151,66.92
2019,Western Carolina,152,65.38
2019,Northern Iowa,153,62.42
2019,Southern Utah,155,58.28
2019,Texas Southern,156,56.43
2019,UT Martin,157,55.08
2019,Pennsylvania,158,54.99
2019,Murray State,159,54.92
2019,Dartmouth,160,54.85
2019,Holy Cross,161,51.84
2019,Southern,162,51.2
2019,Sam Houston,163,48.49
2019,Houston Christian,164,47.53
2019,Austin Peay,165,46.22
2019,Georgetown,166,45.58
2019,Howard,168,43.12
2019,Grand Valley State University,169,41.63
2019,McNeese,170,39.93
2019,Weber State,171,39.26
2019,Eastern Illinois,173,37.39
2019,Lamar,175,35.77
2019,Delaware,176,35.61
2019,Richmond,177,35.42
2019,Chattanooga,178,34.93
2019,Cal Poly,179,34.79
2019,Furman,180,34.69
2019,Nicholls,181,33.85
2019,Tennessee State,183,33.09
2019,East Tennessee State,184,32.91
2019,New Hampshire,185,32.54
2019,Fordham,186,32.49
2019,Indiana State,187,32.33
2019,Morgan State,188,31.01
2019,Villanova,189,30.97
2019,Wofford,190,30.95
2019,Prairie View A&M,191,30.85
2019,SE Louisiana,192,30.71
2019,Sacramento State,193,29.38
2019,Southern Illinois,194,29.2
2019,North Dakota,196,27.5
2019,Northern Colorado,197,27.42
2019,San Diego,198,27.37
2019,North Carolina Central,199,24.99
2019,South Dakota,200,24.59
2019,Southeast Missouri State,201,24.44
2019,Stony Brook,202,24.3
2019,Maine,205,22.07
2019,Alcorn State,206,21.58
2019,Missouri State,207,21.02
2019,Rhode Island,210,20.03
2019,North Carolina A&T,211,19.69
2019,Northwestern State,212,19.61
2019,Samford,213,18.9
2019,South Dakota State,214,17.82
2019,The Citadel,216,17.36
2019,Arkansas-Pine Bluff,218,16.4
2019,Elon,220,16.08
2019,William & Mary,221,15.95
2019,Bucknell,222,14.96
2019,Youngstown State,225,13.33
2019,Colgate,226,13.03
2019,Monmouth,228,11.98
2019,Alabama A&M,229,11.61
2019,Bethune-Cookman,230,11.54
2019,Hampton,231,11.0
2019,Grambling,232,10.64
2019,Florida A&M,234,9.93
2019,Charleston Southern,235,9.03
2019,UAlbany,236,8.92
2019,Lafayette,237,8.42
2019,Alabama State,238,7.97
2019,Duquesne,240,7.52
2019,Gardner-Webb,241,6.3
2019,Tennessee Tech,247,4.96
2020,Georgia,1,313.34
2020,Alabama,2,310.44
2020,Clemson,3,309.73
2020,LSU,4,300.54
2020,Ohio State,5,295.08
2020,Texas A&M,6,289.49
2020,Auburn,7,274.6
2020,Florida,8,272.99
2020,Texas,9,270.93
2020,Tennessee,10,261.5
2020,Oklahoma,11,259.6
2020,Oregon,12,259.49
2020,Miami,13,256.71
2020,Michigan,14,256.34
2020,Penn State,15,256.05
2020,Washington,16,252.35
2020,Notre Dame,17,251.45
2020,South Carolina,18,250.12
2020,North Carolina,19,246.65
2020,Nebraska,20,240.27
2020,Stanford,21,238.62
2020,Florida State,22,238.41
2020,Kentucky,23,229.87
2020,Arizona State,24,229.47
2020,Wisconsin,25,225.54
2020,Georgia Tech,26,222.73
2020,Mississippi State,27,220.24
2020,TCU,28,215.88
2020,Utah,29,212.32
2020,Arkansas,30,212.16
2020,Maryland,31,209.67
2020,UCLA,32,208.42
2020,Purdue,33,208.38
2020,Ole Miss,34,204.07
2020,Iowa,35,203.81
2020,Colorado,36,203.17
2020,West Virginia,37,199.77
2020,Minnesota,38,199.35
2020,California,39,198.0
2020,Cincinnati,40,194.95
2020,NC State,41,194.78
2020,Louisville,42,194.46
2020,Michigan State,43,193.32
2020,Pittsburgh,44,192.65
2020,Oklahoma State,45,192.35
2020,Iowa State,46,190.9
2020,Northwestern,47,190.69
2020,Virginia,48,185.57
2020,Texas Tech,49,183.17
2020,Missouri,50,182.85
2020,Kansas State,51,182.46
2020,Vanderbilt,52,182.21
2020,Oregon State,53,182.12
2020,Baylor,54,181.12
2020,USC,55,181.01
2020,Washington State,56,179.28
2020,Kansas,57,178.97
2020,Indiana,58,177.39
2020,Syracuse,59,175.88
2020,Wake Forest,60,173.82
2020,Duke,61,171.72
2020,Arizona,62,170.89
2020,Boston College,63,170.36
2020,Rutgers,64,170.14
2020,Boise State,65,167.92
2020,Tulane,66,165.84
2020,Memphis,67,165.67
2020,North Texas,68,164.56
2020,Toledo,69,164.2
2020,East Carolina,70,163.06
2020,UCF,71,162.97
2020,Virginia Tech,72,162.89
2020,Florida Atlantic,73,162.51
2020,Florida International,74,162.27
2020,Louisiana Tech,75,162.08
2020,Southern Miss,76,161.52
2020,UNLV,77,160.84
2020,BYU,78,159.91
2020,Louisiana,79,158.34
2020,Western Kentucky,80,157.37
2020,SMU,81,156.95
2020,Houston,82,155.32
2020,App State,83,154.59
2020,Troy,84,154.47
2020,Bowling Green,85,154.4
2020,Western Michigan,86,153.11
2020,Illinois,87,152.9
2020,Charlotte,88,152.55
2020,Miami (OH),89,150.61
2020,Middle Tennessee,90,150.6
2020,Northern Illinois,91,149.69
2020,Arkansas State,92,148.75
2020,Rice,93,147.7
2020,Old Dominion,94,146.75
2020,Liberty,95,146.5
2020,Marshall,96,146.14
2020,Temple,97,145.3
2020,Georgia Southern,98,145.22
2020,Texas State,99,145.19
2020,Massachusetts,100,145.02
2020,South Florida,101,142.97
2020,Colorado State,102,142.8
2020,UAB,103,142.57
2020,San Diego State,104,142.57
2020,UTSA,105,142.53
2020,New Mexico,106,142.34
2020,Air Force,107,142.11
2020,Kent State,108,141.52
2020,South Alabama,109,140.54
2020,Georgia State,110,140.52
2020,Army,111,139.43
2020,Tulsa,112,138.25
2020,Wyoming,113,138.13
2020,San José State,114,137.42
2020,Eastern Michigan,115,136.77
2020,Coastal Carolina,116,136.61
2020,Utah State,117,134.5
2020,UConn,118,134.27
2020,Nevada,119,132.46
2020,UL Monroe,120,132.3
2020,Fresno State,121,131.51
2020,Ball State,122,131.5
2020,Central Michigan,123,130.86
2020,Princeton,124,129.51
2020,Akron,125,129.48
2020,Navy,126,128.76
2020,Hawai'i,127,124.35
2020,Eastern Washington,128,117.96
2020,Ohio,129,116.96
2020,Buffalo,130,114.94
2020,UTEP,131,114.47
2020,New Mexico State,132,108.54
2020,Montana State,133,101.69
2020,Idaho,134,96.43
2020,Cal Poly,135,94.88
2020,UC Davis,136,93.33
2020,Sacramento State,137,89.88
2020,Northern Arizona,139,86.06
2020,Harvard,140,77.67
2020,North Dakota State,141,77.43
2020,Stephen F. Austin,142,77.21
2020,Villanova,145,69.37
2020,Northern Iowa,146,69.28
2020,Yale,147,66.61
2020,Dartmouth,148,64.97
2020,Columbia,149,62.05
2020,Central Arkansas,150,61.89
2020,Eastern Kentucky,151,60.5
2020,Rhode Island,152,57.83
2020,Illinois State,153,56.34
2020,Kennesaw State,154,55.15
2020,Montana,155,51.3
2020,Pennsylvania,157,50.08
2020,Furman,158,43.15
2020,Eastern Illinois,159,42.77
2020,Portland State,161,41.99
2020,Holy Cross,162,41.97
2020,Georgetown,163,40.93
2020,Missouri State,164,39.43
2020,Idaho State,165,39.12
2020,Elon,166,36.99
2020,Northern Colorado,167,36.46
2020,East Tennessee State,168,35.94
2020,James Madison,170,35.08
2020,Davidson,172,34.64
2020,SE Louisiana,173,34.04
2020,Tennessee State,175,32.21
2020,South Dakota,176,29.87
2020,Western Carolina,177,29.45
2020,Mercer,179,28.8
2020,Brown,180,28.57
2020,San Diego,182,27.65
2020,Youngstown State,183,27.25
2020,Sam Houston,184,26.54
2020,UT Martin,186,24.03
2020,Western Illinois,188,23.72
2020,Hampton,190,22.89
2020,Stony Brook,192,22.7
2020,Grambling,193,22.25
2020,South Dakota State,194,22.07
2020,Fordham,195,21.45
2020,Samford,196,21.2
2020,Houston Christian,198,20.55
2020,Delaware,199,20.1
2020,VMI,200,20.05
2020,Bucknell,201,19.97
2020,Wofford,203,19.41
2020,Austin Peay,204,17.16
2020,Indiana State,208,16.73
2020,Arkansas-Pine Bluff,209,16.53
2020,Jacksonville State,210,16.49
2020,Cornell,211,15.89
2020,North Dakota,218,12.79
2020,North Carolina Central,219,12.65
2020,Alcorn State,220,12.65
2020,North Carolina A&T,225,11.52
2020,Campbell,228,10.98
2020,Richmond,229,9.98
2020,Southern Illinois,230,9.91
2020,Bryant,232,8.98
2020,Southeast Missouri State,233,8.97
2020,Texas Southern,236,8.97
2020,Lehigh,239,6.97
2020,Lafayette,240,6.97
2020,Marist,242,6.3
2020,Colgate,245,4.97
2021,Alabama,1,327.91
2021,Ohio State,2,309.49
2021,Georgia,3,294.55
2021,LSU,4,291.37
2021,Clemson,5,291.2
2021,Oregon,6,287.38
2021,Texas A&M,7,285.35
2021,USC,8,280.72
2021,Notre Dame,9,269.15
2021,Michigan,10,268.77
2021,Oklahoma,11,267.92
2021,Miami,12,263.12
2021,Florida,13,261.62
2021,North Carolina,14,253.91
2021,Wisconsin,15,240.8
2021,Tennessee,16,240.4
2021,Texas,17,237.09
2021,Ole Miss,18,234.56
2021,Maryland,19,230.29
2021,Nebraska,20,216.5
2021,Penn State,21,216.43
2021,Florida State,22,214.97
2021,Iowa,23,213.89
2021,Arkansas,24,213.19
2021,Mississippi State,25,210.6
2021,Pittsburgh,26,210.45
2021,Missouri,27,210.28
2021,California,28,209.2
2021,UCLA,29,206.5
2021,Auburn,30,205.63
2021,Virginia,31,205.33
2021,Kentucky,32,205.02
2021,Utah,33,203.23
2021,NC State,34,202.42
2021,Washington,35,201.78
2021,Boston College,36,201.66
2021,Minnesota,37,199.4
2021,Louisville,38,198.01
2021,Oklahoma State,39,196.26
2021,West Virginia,40,195.07
2021,Rutgers,41,191.67
2021,Cincinnati,42,190.66
2021,Michigan State,43,190.6
2021,Baylor,44,190.18
2021,Virginia Tech,45,189.84
2021,Memphis,46,187.31
2021,Georgia Tech,47,186.82
2021,Arizona State,48,185.98
2021,Vanderbilt,49,184.46
2021,Northwestern,50,184.3
2021,Stanford,51,183.58
2021,Kansas,52,183.13
2021,SMU,53,181.61
2021,Indiana,54,177.78
2021,UCF,55,177.69
2021,Kansas State,56,176.98
2021,Syracuse,57,176.5
2021,Duke,58,176.16
2021,Iowa State,59,175.58
2021,Washington State,60,172.58
2021,TCU,61,171.83
2021,San Diego State,62,169.98
2021,South Florida,63,167.63
2021,Texas Tech,64,167.13
2021,Colorado,65,167.11
2021,Wake Forest,66,165.75
2021,Toledo,67,163.18
2021,UNLV,68,161.89
2021,App State,69,161.14
2021,Boise State,70,161.13
2021,BYU,71,159.77
2021,Purdue,72,159.72
2021,Illinois,73,159.12
2021,Fresno State,74,159.11
2021,Arizona,75,157.25
2021,South Carolina,76,157.05
2021,Tulane,77,156.56
2021,UTSA,78,154.8
2021,Louisiana,79,154.78
2021,North Texas,80,153.89
2021,Houston,81,153.47
2021,Florida Atlantic,82,153.21
2021,Florida International,83,152.13
2021,Coastal Carolina,84,150.67
2021,Jackson State,85,147.9
2021,Nevada,86,146.32
2021,Central Michigan,87,146.12
2021,Miami (OH),88,146.03
2021,Colorado State,89,144.67
2021,Air Force,90,144.16
2021,Northern Illinois,91,142.59
2021,Georgia Southern,92,141.76
2021,Rice,93,141.39
2021,New Mexico,94,140.75
2021,Ball State,95,140.07
2021,East Carolina,96,139.28
2021,Western Michigan,97,139.11
2021,Buffalo,98,137.78
2021,Ohio,99,137.6
2021,Old Dominion,100,135.74
2021,Charlotte,101,134.83
2021,Georgia State,102,134.55
2021,Bowling Green,103,133.73
2021,Troy,104,133.65
2021,Temple,105,132.83
2021,Arkansas State,106,132.61
2021,Navy,107,131.51
2021,Oregon State,108,131.45
2021,Army,109,131.27
2021,Wyoming,110,130.41
2021,Liberty,111,129.14
2021,Eastern Michigan,112,128.54
2021,UL Monroe,113,127.64
2021,New Mexico State,114,126.9
2021,UConn,115,125.11
2021,UAB,116,123.44
2021,Massachusetts,117,121.74
2021,Kent State,118,119.36
2021,Akron,119,113.25
2021,San José State,120,112.81
2021,Louisiana Tech,121,108.45
2021,South Alabama,122,107.68
2021,Middle Tennessee,123,107.22
2021,Southern Miss,124,104.36
2021,Marshall,125,101.55
2021,Tulsa,126,97.89
2021,Hawai'i,127,90.15
2021,Northern Arizona,128,80.92
2021,Harvard,129,70.08
2021,Princeton,130,69.11
2021,Cal Poly,131,62.42
2021,Idaho,132,62.38
2021,Yale,133,61.37
2021,UTEP,134,60.62
2021,Utah State,135,55.32
2021,Western Kentucky,136,49.62
2021,Eastern Washington,138,48.13
2021,Pennsylvania,139,47.87
2021,James Madison,140,46.14
2021,Lamar,141,39.38
2021,North Carolina A&T,142,38.9
2021,Northern Iowa,143,37.22
2021,Stephen F. Austin,144,36.77
2021,UC Davis,145,31.22
2021,Central Arkansas,146,30.3
2021,Georgetown,147,29.42
2021,Samford,148,28.48
2021,Howard,149,27.3
2021,Morgan State,150,26.96
2021,South Dakota,151,25.25
2021,Montana State,152,24.7
2021,Southern Utah,153,24.64
2021,Grambling,154,24.49
2021,Austin Peay,155,24.23
2021,Tennessee Tech,156,21.96
2021,Kennesaw State,157,20.61
2021,Charleston Southern,158,19.5
2021,Columbia,159,18.29
2021,Jacksonville State,160,16.83
2021,Sacramento State,161,16.08
2021,Brown,162,15.57
2021,Alabama A&M,163,15.36
2021,Lehigh,164,14.77
2021,Prairie View A&M,165,14.18
2021,North Dakota,166,13.76
2021,Sam Houston,167,13.67
2021,William & Mary,168,13.3
2021,McNeese,169,13.17
2021,Tennessee State,170,13.15
2021,Southern Illinois,172,12.65
2021,Western Carolina,173,12.61
2021,Maine,174,12.51
2021,Chattanooga,175,12.15
2021,Duquesne,176,12.14
2021,Texas Southern,177,11.04
2021,Towson,178,10.54
2021,Villanova,179,10.53
2021,Northwestern State,180,10.53
2021,Holy Cross,181,10.14
2021,Lafayette,182,10.14
2021,Texas State,183,9.46
2021,San Diego,184,9.32
2021,Gardner-Webb,185,8.92
2021,Rhode Island,186,8.92
2021,Fordham,187,8.69
2021,Northern Colorado,188,8.31
2021,UAlbany,189,7.31
2021,Montana,190,7.3
2021,Portland State,191,7.3
2021,Campbell,192,6.8
2021,Wofford,193,5.8
2022,Texas A&M,1,333.13
2022,Alabama,2,322.25
2022,Georgia,3,318.34
2022,Ohio State,4,300.95
2022,Texas,5,289.04
2022,Penn State,6,278.66
2022,Notre Dame,7,275.44
2022,Oklahoma,8,266.73
2022,Michigan,9,262.13
2022,Clemson,10,260.87
2022,North Carolina,11,258.5
2022,LSU,12,245.76
2022,Oregon,13,243.37
2022,Kentucky,14,240.16
2022,Missouri,15,236.92
2022,Miami,16,235.03
2022,Florida,17,232.99
2022,Tennessee,18,232.77
2022,Stanford,19,229.74
2022,Florida State,20,229.46
2022,Auburn,21,229.35
2022,Arizona,22,224.38
2022,Ole Miss,23,222.38
2022,Michigan State,24,221.83
2022,South Carolina,25,220.16
2022,Indiana,26,219.8
2022,Mississippi State,27,219.45
2022,Arkansas,28,217.69
2022,Oklahoma State,29,217.39
2022,Iowa,30,215.05
2022,Maryland,31,213.62
2022,Vanderbilt,32,212.11
2022,Rutgers,33,210.07
2022,Utah,34,209.71
2022,West Virginia,35,209.05
2022,Virginia Tech,36,208.77
2022,Baylor,37,208.03
2022,Purdue,38,206.4
2022,Iowa State,39,205.08
2022,Boston College,40,202.55
2022,Nebraska,41,198.64
2022,Cincinnati,42,197.75
2022,Texas Tech,43,197.4
2022,Wisconsin,44,194.42
2022,TCU,45,194.07
2022,Illinois,46,192.59
2022,Colorado,47,192.38
2022,Northwestern,48,191.62
2022,Minnesota,49,189.38
2022,Houston,50,187.64
2022,Louisville,51,187.58
2022,Duke,52,186.78
2022,UCF,53,186.37
2022,Georgia Tech,54,184.81
2022,BYU,55,181.5
2022,Oregon State,56,181.41
2022,Marshall,57,176.47
2022,Memphis,58,176.39
2022,California,59,175.53
2022,Washington State,60,175.48
2022,UCLA,61,175.37
2022,Boise State,62,174.52
2022,Kansas State,63,173.32
2022,NC State,64,171.26
2022,San Diego State,65,168.39
2022,Virginia,66,166.85
2022,Arkansas State,67,166.63
2022,Syracuse,68,166.16
2022,Coastal Carolina,69,165.67
2022,USC,70,165.48
2022,Wake Forest,71,164.19
2022,Fresno State,72,163.46
2022,UTSA,73,162.04
2022,Tulane,74,160.73
2022,San José State,75,157.03
2022,Pittsburgh,76,153.09
2022,Miami (OH),77,152.97
2022,Colorado State,78,152.84
2022,Southern Miss,79,152.38
2022,Utah State,80,152.31
2022,Buffalo,81,147.86
2022,SMU,82,146.38
2022,App State,83,144.67
2022,Central Michigan,84,144.51
2022,East Carolina,85,143.29
2022,UAB,86,142.49
2022,Northern Illinois,87,142.15
2022,Louisiana Tech,88,140.27
2022,Campbell,89,137.24
2022,Kent State,90,136.64
2022,South Florida,91,136.48
2022,Toledo,92,134.89
2022,Wyoming,93,133.87
2022,Western Kentucky,94,129.6
2022,Temple,95,129.57
2022,Washington,96,129.55
2022,Ball State,97,127.25
2022,Liberty,98,126.37
2022,New Mexico,99,124.26
2022,Georgia State,100,124.06
2022,UNLV,102,121.78
2022,Arizona State,103,120.17
2022,South Alabama,104,119.39
2022,Western Michigan,105,119.04
2022,Old Dominion,106,118.85
2022,Charlotte,107,117.06
2022,New Mexico State,108,117.0
2022,Bowling Green,109,115.82
2022,Georgia Southern,110,115.78
2022,Louisiana,111,115.71
2022,Tulsa,112,113.34
2022,UConn,113,112.35
2022,Air Force,114,110.12
2022,Nevada,115,108.19
2022,Kansas,116,106.28
2022,Massachusetts,117,105.95
2022,North Texas,118,102.95
2022,Rice,119,102.87
2022,Middle Tennessee,120,102.04
2022,Sam Houston,121,101.32
2022,Jackson State,122,100.92
2022,Grambling,123,96.14
2022,Florida Atlantic,124,94.73
2022,Central Arkansas,125,90.76
2022,Hawai'i,126,84.97
2022,Akron,127,81.7
2022,Eastern Michigan,128,77.97
2022,UTEP,129,77.74
2022,Troy,130,65.19
2022,Princeton,131,56.25
2022,Ohio,132,53.67
2022,Texas State,133,51.34
2022,UL Monroe,134,49.36
2022,North Dakota State,135,46.49
2022,Harvard,136,46.06
2022,Murray State,137,41.85
2022,Navy,138,41.48
2022,Grand Valley State University,139,36.11
2022,Florida A&M,140,32.58
2022,Northern Arizona,141,32.26
2022,Youngstown State,142,30.85
2022,Austin Peay,143,30.6
2022,South Carolina State,144,28.97
2022,Yale,145,28.75
2022,SE Louisiana,146,28.48
2022,Idaho,148,27.31
2022,Northern Iowa,149,26.87
2022,Jacksonville State,150,25.39
2022,Southern Illinois,151,25.26
2022,Eastern Washington,152,24.93
2022,Western Carolina,153,24.04
2022,Portland State,154,23.86
2022,Chattanooga,155,23.66
2022,James Madison,156,21.94
2022,Eastern Kentucky,157,19.26
2022,Army,158,18.34
2022,Georgetown,159,17.56
2022,East Tennessee State,160,16.89
2022,Northwestern State,161,15.78
2022,Tennessee Tech,162,14.17
2022,Howard,162,14.17
2022,Missouri State,165,13.67
2022,Western Illinois,167,13.0
2022,UC Davis,168,12.81
2022,Monmouth,169,12.67
2022,Sacramento State,169,12.67
2022,Lehigh,171,12.56
2022,Pennsylvania,172,12.28
2022,Furman,173,12.17
2022,Villanova,173,12.17
2022,Weber State,173,12.17
2022,Lamar,177,11.67
2022,Southeast Missouri State,177,11.67
2022,North Carolina A&T,179,11.17
2022,Alabama A&M,179,11.17
2022,North Carolina Central,179,11.17
2022,Richmond,182,10.89
2022,Rhode Island,183,10.67
2022,UT Martin,184,10.44
2022,Towson,185,10.06
2022,The Citadel,186,9.89
2022,Stephen F. Austin,188,9.44
2022,Bucknell,189,8.83
2022,Montana State,190,8.33
2023,Alabama,1,328.0
2023,Georgia,2,315.68
2023,Texas,3,306.31
2023,Oklahoma,4,289.03
2023,Ohio State,5,288.98
2023,LSU,6,288.7
2023,Miami,7,284.64
2023,USC,8,280.44
2023,Oregon,9,278.44
2023,Tennessee,10,277.0
2023,Clemson,11,273.39
2023,Notre Dame,12,272.74
2023,Florida,13,271.43
2023,Penn State,14,270.1
2023,Texas A&M,15,268.85
2023,South Carolina,16,256.14
2023,Michigan,17,245.13
2023,Auburn,18,242.9
2023,Florida State,19,237.15
2023,Utah,20,236.08
2023,TCU,21,235.07
2023,Arkansas,22,228.3
2023,Ole Miss,23,227.96
2023,Michigan State,24,224.87
2023,Nebraska,25,224.12
2023,Washington,26,223.92
2023,Mississippi State,27,222.92
2023,Texas Tech,28,222.02
2023,Colorado,29,219.75
2023,North Carolina,30,219.35
2023,Louisville,31,217.99
2023,Kentucky,32,212.42
2023,Kansas State,33,212.31
2023,Missouri,34,211.13
2023,Baylor,35,210.79
2023,Maryland,36,206.46
2023,UCLA,37,206.15
2023,Illinois,38,205.64
2023,Virginia Tech,39,205.58
2023,Arizona,40,204.72
2023,Iowa,41,204.36
2023,Iowa State,42,204.14
2023,NC State,43,204.08
2023,Arizona State,44,201.23
2023,Minnesota,45,201.22
2023,Stanford,46,200.94
2023,Northwestern,47,200.11
2023,West Virginia,48,199.09
2023,Oregon State,49,198.88
2023,UCF,50,196.98
2023,Pittsburgh,51,196.32
2023,Vanderbilt,52,195.39
2023,Wake Forest,53,193.23
2023,Oklahoma State,54,193.19
2023,Houston,55,191.97
2023,Duke,56,191.8
2023,Rutgers,57,190.36
2023,Wisconsin,58,188.21
2023,UTSA,59,187.6
2023,Memphis,60,186.18
2023,Boston College,61,185.3
2023,Georgia Tech,62,185.2
2023,Washington State,63,184.96
2023,Virginia,64,180.69
2023,East Carolina,65,180.54
2023,BYU,66,179.88
2023,Boise State,67,179.7
2023,Purdue,68,179.36
2023,Indiana,69,177.6
2023,Colorado State,70,176.09
2023,Tulane,71,172.87
2023,SMU,72,171.15
2023,Kansas,73,169.88
2023,Arkansas State,74,168.05
2023,Cincinnati,75,167.89
2023,South Florida,76,165.19
2023,Louisiana Tech,77,163.34
2023,San Diego State,78,163.05
2023,California,79,162.74
2023,App State,80,161.99
2023,Southern Miss,81,161.48
2023,Florida Atlantic,82,161.44
2023,Fresno State,83,161.0
2023,Buffalo,84,160.65
2023,Temple,85,160.16
2023,Rice,86,159.14
2023,Eastern Michigan,87,158.7
2023,Syracuse,88,156.73
2023,Louisiana,89,155.69
2023,South Alabama,90,154.95
2023,Central Michigan,91,153.75
2023,UAB,92,149.23
2023,Campbell,93,148.06
2023,Troy,94,147.8
2023,Florida International,95,147.71
2023,Sam Houston,96,141.34
2023,Ohio,97,140.79
2023,Texas State,98,139.15
2023,North Texas,99,137.98
2023,Utah State,100,133.96
2023,Georgia Southern,101,131.86
2023,Toledo,102,131.66
2023,Northern Illinois,103,131.18
2023,Air Force,104,130.58
2023,Miami (OH),105,129.81
2023,Western Michigan,106,129.14
2023,Nevada,107,126.82
2023,Ball State,108,126.78
2023,Akron,109,121.18
2023,Wyoming,110,120.69
2023,Liberty,111,120.52
2023,San José State,112,118.01
2023,New Mexico State,113,116.57
2023,Coastal Carolina,114,113.66
2023,Tulsa,115,113.39
2023,Georgia State,116,111.43
2023,Hawai'i,117,111.34
2023,Army,118,110.02
2023,Bowling Green,119,103.84
2023,Middle Tennessee,120,100.8
2023,UTEP,121,100.59
2023,Old Dominion,122,95.13
2023,Kent State,123,81.64
2023,UConn,124,80.21
2023,Marshall,125,77.8
2023,UL Monroe,126,73.66
2023,Massachusetts,127,72.64
2023,New Mexico,128,72.37
2023,Charlotte,129,69.14
2023,Jackson State,130,68.09
2023,Navy,131,67.03
2023,Western Carolina,132,63.24
2023,Portland State,133,61.03
2023,Western Kentucky,134,58.4
2023,Austin Peay,135,58.34
2023,UNLV,136,55.31
2023,Princeton,137,54.68
2023,Florida A&M,138,53.84
2023,Cal Poly,139,44.17
2023,Harvard,140,43.43
2023,Houston Christian,141,41.23
2023,Sacramento State,142,39.88
2023,Idaho,143,35.94
2023,Incarnate Word,144,31.55
2023,Howard,145,29.98
2023,Stephen F. Austin,146,27.45
2023,Weber State,147,27.27
2023,James Madison,149,25.85
2023,Utah Tech,150,24.55
2023,Yale,151,23.67
2023,South Dakota,152,23.49
2023,McNeese,153,17.03
2023,Arkansas-Pine Bluff,154,16.22
2023,Grand Valley State University,155,16.0
2023,Northern Colorado,156,15.97
2023,Texas Southern,157,15.11
2023,Murray State,159,14.78
2023,The Citadel,160,14.37
2023,Montana,161,14.33
2023,Eastern Washington,162,14.17
2023,Jacksonville State,163,13.85
2023,Southeast Missouri State,164,13.83
2023,Eastern Illinois,165,13.78
2023,Central Arkansas,166,13.61
2023,Dartmouth,167,13.17
2023,Mississippi Valley State,167,13.17
2023,North Dakota State,167,13.17
2023,Duquesne,170,13.0
2023,Eastern Kentucky,171,12.78
2023,Southern,171,12.78
2023,Pennsylvania,173,12.75
2023,Southern Illinois,174,12.5
2023,Kennesaw State,175,12.37
2023,East Tennessee State,176,12.0
2023,Chattanooga,177,11.7
2023,Northern Iowa,178,9.0
2023,Illinois State,179,7.33
2024,Georgia,1,317.05
2024,Alabama,2,310.75
2024,Oregon,3,293.22
2024,Miami,4,291.54
2024,Ohio State,5,289.13
2024,Texas,6,286.92
2024,LSU,7,278.75
2024,Oklahoma,8,275.64
2024,Notre Dame,9,275.57
2024,Auburn,10,275.39
2024,Clemson,11,272.19
2024,Florida State,12,271.76
2024,Florida,13,268.25
2024,Tennessee,14,267.26
2024,Penn State,15,265.61
2024,Michigan,16,261.94
2024,USC,17,253.78
2024,Nebraska,18,247.5
2024,Texas A&M,19,245.18
2024,Missouri,20,241.93
2024,Ole Miss,21,240.2
2024,South Carolina,22,239.75
2024,Wisconsin,23,239.1
2024,Kentucky,24,236.86
2024,Texas Tech,25,236.09
2024,North Carolina,26,228.83
2024,NC State,27,225.02
2024,Mississippi State,28,223.21
2024,Purdue,29,217.71
2024,Stanford,30,217.17
2024,Arkansas,31,216.66
2024,Iowa,32,215.41
2024,Georgia Tech,33,214.0
2024,TCU,34,213.87
2024,UCF,35,212.83
2024,Rutgers,36,211.78
2024,Minnesota,37,211.62
2024,Syracuse,38,210.55
2024,Maryland,39,209.92
2024,Vanderbilt,40,207.79
2024,Pittsburgh,41,204.1
2024,Michigan State,42,203.52
2024,Kansas,43,203.0
2024,BYU,44,202.7
2024,Virginia Tech,45,202.61
2024,West Virginia,46,202.08
2024,Washington,47,201.79
2024,Arizona State,48,199.47
2024,Illinois,49,198.84
2024,South Florida,50,197.92
2024,Cincinnati,51,196.87
2024,Wake Forest,52,196.48
2024,Iowa State,53,192.29
2024,Tulsa,54,191.84
2024,California,55,190.2
2024,Oklahoma State,56,189.96
2024,Kansas State,57,187.58
2024,Louisville,58,186.52
2024,Utah,59,184.77
2024,Houston,60,184.0
2024,Duke,61,183.9
2024,Washington State,62,181.7
2024,Tulane,63,181.26
2024,Boise State,64,181.19
2024,Indiana,65,179.89
2024,Toledo,66,179.4
2024,Baylor,67,179.04
2024,Memphis,68,176.2
2024,Colorado State,69,172.05
2024,North Texas,70,172.01
2024,Western Michigan,71,171.51
2024,San Diego State,72,171.46
2024,East Carolina,73,171.38
2024,Charlotte,74,169.59
2024,Coastal Carolina,75,169.22
2024,UNLV,76,168.14
2024,Southern Miss,77,167.67
2024,Arkansas State,78,167.29
2024,Florida Atlantic,79,166.84
2024,Northwestern,80,165.73
2024,Colorado,81,165.05
2024,Miami (OH),82,164.93
2024,UTEP,83,163.05
2024,South Alabama,84,162.93
2024,Arizona,85,162.29
2024,Fresno State,86,160.65
2024,Oregon State,87,159.84
2024,Virginia,88,159.74
2024,Troy,89,159.41
2024,UCLA,90,157.07
2024,Georgia Southern,91,156.6
2024,Ohio,92,156.49
2024,Eastern Michigan,93,156.11
2024,App State,94,155.02
2024,Boston College,95,153.23
2024,Texas State,96,152.53
2024,Kent State,97,151.54
2024,UAB,98,150.94
2024,Northern Illinois,99,149.96
2024,Bowling Green,100,149.29
2024,Akron,101,146.65
2024,Wyoming,102,146.14
2024,Marshall,103,145.69
2024,San José State,104,145.06
2024,Liberty,105,142.69
2024,Central Michigan,106,142.13
2024,SMU,107,142.05
2024,James Madison,108,141.41
2024,Florida International,109,141.29
2024,Buffalo,110,140.65
2024,Western Kentucky,111,140.12
2024,Ball State,112,140.08
2024,Louisiana Tech,113,139.16
2024,UL Monroe,114,138.75
2024,Temple,115,138.09
2024,Hawai'i,116,137.6
2024,Louisiana,117,137.49
2024,UConn,118,133.58
2024,Middle Tennessee,119,131.88
2024,Georgia State,120,126.1
2024,Utah State,121,125.72
2024,Rice,122,121.73
2024,UTSA,123,121.57
2024,Sam Houston,124,121.16
2024,Old Dominion,125,119.46
2024,Massachusetts,126,119.41
2024,Nevada,127,113.08
2024,Jacksonville State,128,110.7
2024,Houston Christian,129,94.44
2024,Kennesaw State,130,83.66
2024,Sacramento State,131,71.51
2024,Jackson State,132,70.19
2024,Central Arkansas,133,68.48
2024,New Mexico State,134,67.75
2024,Cal Poly,135,58.35
2024,Campbell,136,57.27
2024,Grambling,137,56.69
2024,Utah Tech,138,56.67
2024,Bethune-Cookman,139,56.37
2024,Montana State,140,55.79
2024,Eastern Kentucky,141,55.24
2024,North Dakota State,142,52.42
2024,Princeton,144,44.95
2024,Murray State,145,43.72
2024,Stephen F. Austin,146,41.92
2024,Austin Peay,147,41.01
2024,Portland State,149,40.91
2024,Eastern Washington,150,40.13
2024,Stony Brook,151,38.82
2024,Army,152,37.76
2024,Navy,153,37.64
2024,Delaware,155,36.17
2024,Nicholls,156,34.4
2024,Western Carolina,157,33.74
2024,Idaho,158,32.43
2024,Monmouth,159,32.38
2024,Hampton,160,30.66
2024,Mississippi Valley State,161,30.33
2024,Holy Cross,162,29.39
2024,New Hampshire,163,29.33
2024,Tennessee State,164,29.23
2024,Weber State,165,28.8
2024,Pennsylvania,166,28.51
2024,Georgetown,167,27.92
2024,McNeese,168,27.89
2024,UC Davis,169,27.25
2024,SE Louisiana,170,26.92
2024,Wofford,171,24.65
2024,Air Force,172,23.21
2024,South Dakota,173,18.0
2024,Southern Illinois,174,17.14
2024,Duquesne,175,16.86
2024,Northern Iowa,176,16.22
2024,Brown,177,16.14
2024,Bryant,178,16.0
2024,Norfolk State,180,15.83
2024,Lamar,181,15.52
2024,Northern Arizona,181,15.52
2024,Towson,183,15.5
2024,Lehigh,184,15.25
2024,Yale,187,14.81
2024,North Carolina A&T,188,14.78
2024,Rhode Island,188,14.78
2024,Fordham,190,14.52
2024,South Dakota State,191,14.44
2024,North Carolina Central,192,14.22
2024,Alabama State,193,14.19
2024,Colgate,194,13.7
2024,Sacred Heart,195,13.67
2024,Harvard,196,13.44
2024,Villanova,197,12.5
2024,Grand Valley State University,198,11.7
2024,Northern Colorado,200,11.06
2024,New Mexico,201,10.22
2025,Texas,1,312.27
2025,Georgia,2,304.64
2025,Alabama,3,298.4
2025,Ohio State,4,297.72
2025,Oregon,5,296.1
2025,Michigan,6,290.87
2025,Florida,7,287.77
2025,Auburn,8,286.89
2025,Texas A&M,9,282.42
2025,LSU,10,281.53
2025,Tennessee,11,277.93
2025,Notre Dame,12,270.22
2025,Miami,13,257.66
2025,USC,14,257.02
2025,Penn State,15,255.36
2025,Ole Miss,16,251.63
2025,Oklahoma,17,248.6
2025,South Carolina,18,244.27
2025,Florida State,19,244.11
2025,Missouri,20,243.48
2025,Georgia Tech,21,240.77
2025,Nebraska,22,237.53
2025,Washington,23,235.26
2025,TCU,24,229.8
2025,Maryland,25,228.43
2025,Clemson,26,227.23
2025,Wisconsin,27,227.22
2025,Mississippi State,28,224.62
2025,Kentucky,29,224.01
2025,Duke,30,220.94
2025,SMU,31,220.85
2025,Arkansas,32,219.73
2025,Rutgers,33,218.6
2025,NC State,34,214.25
2025,Kansas State,35,213.85
2025,Baylor,36,210.4
2025,Colorado,37,209.08
2025,Iowa,38,208.27
2025,Virginia Tech,39,208.19
2025,Utah,40,207.85
2025,North Carolina,41,207.81
2025,Syracuse,42,206.41
2025,West Virginia,43,205.16
2025,Arizona State,44,203.39
2025,Illinois,45,202.76
2025,UCLA,46,202.28
2025,Indiana,47,201.75
2025,Texas Tech,48,201.51
2025,Minnesota,49,200.95
2025,Arizona,50,200.65
2025,Pittsburgh,51,199.28
2025,Houston,52,198.73
2025,Oklahoma State,53,198.62
2025,Iowa State,54,197.45
2025,BYU,55,197.17
2025,Stanford,56,196.58
2025,Michigan State,57,196.1
2025,Virginia,58,195.76
2025,Boston College,59,195.09
2025,Memphis,60,194.42
2025,Cincinnati,61,189.52
2025,Boise State,62,189.06
2025,Wake Forest,63,189.05
2025,Oregon State,64,188.93
2025,South Florida,65,188.76
2025,Northwestern,66,187.75
2025,Georgia State,67,184.18
2025,Louisville,68,183.1
2025,California,69,180.41
2025,UTEP,70,179.54
2025,Washington State,71,178.96
2025,Kansas,72,178.35
2025,Toledo,73,175.56
2025,Tulane,74,175.32
2025,Arkansas State,75,173.32
2025,Vanderbilt,76,173.04
2025,East Carolina,77,172.8
2025,San Diego State,78,171.52
2025,UCF,79,171.17
2025,Georgia Southern,80,165.34
2025,Louisiana,81,165.34
2025,Troy,82,164.69
2025,Miami (OH),83,164.23
2025,Northern Illinois,84,164.05
2025,Florida Atlantic,85,163.23
2025,Liberty,86,160.79
2025,Utah State,87,159.33
2025,Nevada,88,159.31
2025,Wyoming,89,159.12
2025,Florida International,90,157.7
2025,Coastal Carolina,91,156.66
2025,Buffalo,92,155.63
2025,Kent State,93,155.36
2025,Bowling Green,94,154.51
2025,UNLV,95,154.36
2025,Western Kentucky,96,152.76
2025,Eastern Michigan,97,151.82
2025,Middle Tennessee,98,151.49
2025,Purdue,99,147.08
2025,Rice,100,146.64
2025,Texas State,101,144.43
2025,Old Dominion,102,144.31
2025,Fresno State,103,142.63
2025,Western Michigan,104,141.86
2025,Southern Miss,105,140.71
2025,Colorado State,106,140.19
2025,UTSA,107,138.78
2025,James Madison,108,138.48
2025,Tulsa,109,137.85
2025,Jacksonville State,110,134.66
2025,Louisiana Tech,111,131.97
2025,North Texas,112,130.14
2025,Central Michigan,113,128.41
2025,UConn,114,127.8
2025,UL Monroe,115,127.14
2025,App State,116,125.92
2025,San José State,117,123.98
2025,South Alabama,118,120.71
2025,Ball State,119,118.63
2025,Marshall,120,118.44
2025,Ohio,121,115.37
2025,Sam Houston,122,108.47
2025,Temple,123,101.99
2025,Hawai'i,124,101.95
2025,UAB,125,98.28
2025,New Mexico State,126,97.17
2025,Sacramento State,127,89.3
2025,Akron,128,87.44
2025,Air Force,129,80.06
2025,Army,130,77.24
2025,Youngstown State,131,67.28
2025,Navy,132,64.76
2025,North Dakota State,133,64.74
2025,Central Arkansas,134,60.84
2025,Northern Arizona,135,56.75
2025,Missouri State,136,52.92
2025,Delaware,137,51.97
2025,Eastern Kentucky,139,45.26
2025,Howard,140,44.54
2025,Towson,141,43.65
2025,Western Carolina,142,39.03
2025,UC Davis,143,38.84
2025,Charlotte,144,38.64
2025,Massachusetts,145,36.99
2025,Texas Southern,146,34.26
2025,South Dakota State,147,32.14
2025,Delaware State,148,31.07
2025,Stephen F. Austin,149,29.9
2025,Saint Francis (PA),150,29.64
2025,Eastern Washington,151,29.08
2025,Cal Poly,152,28.69
2025,Kennesaw State,154,28.05
2025,Samford,155,27.91
2025,Wofford,156,27.89
2025,Chattanooga,157,25.66
2025,Austin Peay,158,17.69
2025,Western Illinois,159,17.67
2025,Yale,160,17.14
2025,East Tennessee State,161,16.67
2025,Rhode Island,162,16.39
2025,Duquesne,163,16.25
2025,Cornell,164,15.89
2025,Southern Utah,166,15.83
2025,Mercer,167,15.63
2025,Columbia,168,15.33
2025,Southern Illinois,169,15.17
2025,Grand Valley State University,170,14.85
2025,Prairie View A&M,171,14.78
2025,Portland State,171,14.78
2025,Bryant,173,14.58
2025,Campbell,174,14.52
2025,Idaho State,175,14.17
2025,Idaho,176,14.06
2025,Incarnate Word,177,14.0
2025,Furman,178,13.67
2025,Colgate,178,13.67
2025,Lamar,181,13.31
2025,South Dakota,182,13.11
2025,Gardner-Webb,183,13.0
2025,Hampton,183,13.0
2025,Robert Morris,185,12.78
2025,Presbyterian,186,12.52
2025,Murray State,187,12.5
2025,Tennessee State,188,12.44
2025,North Carolina Central,188,12.44
2025,William & Mary,190,12.28
2025,Harvard,191,12.17
2025,Houston Christian,192,12.04
2025,San Diego,193,11.17
2025,New Mexico,194,10.33
2025,Eastern Illinois,195,10.17
2025,Fordham,196,9.33
2025,Weber State,197,0.0
2025,Wagner,197,0.0
2025,Indiana State,197,0.0
2025,Richmond,197,0.0
2025,Valparaiso,197,0.0
2025,Alabama State,197,0.0
2025,Drake,197,0.0
2025,Lafayette,197,0.0
2025,Southeast Missouri State,197,0.0
2025,Illinois State,197,0.0
2025,Brown,197,0.0
2025,Stetson,197,0.0
2025,Holy Cross,197,0.0
2025,Montana,197,0.0
2025,Princeton,197,0.0
2025,Northern Iowa,197,0.0
2025,New Hampshire,197,0.0
2025,Maine,197,0.0
2025,Charleston Southern,197,0.0
2025,Southeastern Louisiana,197,0.0
2025,Morgan State,197,0.0
2025,Morehead State,197,0.0
2025,McNeese,197,0.0
2025,Jackson State,197,0.0
2025,UT Martin,197,0.0
2025,Lehigh,197,0.0
2025,Montana State,197,0.0
2025,Pennsylvania,197,0.0
2025,Alabama A&M,197,0.0
2025,Northern Colorado,197,0.0
2025,Northwestern State,197,0.0
2025,North Dakota,197,0.0
2025,Bucknell,197,0.0
2025,Dartmouth,197,0.0
2025,Butler,197,0.0
2025,Utah Tech,197,0.0
2025,Alcorn State,197,0.0
2025,Georgetown,197,0.0
2025,Davidson,197,0.0
2025,Dayton,197,0.0
