team,conference,mascot,latitude,longitude,venue_name
Abilene Christian,UAC,Wildcats,32.472275,-99.710464,Wildcat Stadium (TX)
Adams State,Rocky Mountain,Grizzlies,37.5780995,-105.7890452,Rex Stadium
Adrian,Michigan,Bulldogs,41.8975152,-84.0373054,Docking Stadium
Air Force,Mountain West,Falcons,38.9969701,-104.8436165,Falcon Stadium
Akron,Mid-American,Zips,41.0725534,-81.5083408,InfoCision Stadium
Alabama,SEC,Crimson Tide,33.2082752,-87.5503836,Bryant-Denny Stadium
Alabama A&M,SWAC,Bulldogs,34.7835363,-86.5784132,Louis Crews Stadium
Alabama State,SWAC,Hornets,32.3642223,-86.2896902,Hornet Stadium
Albany State GA,SIAC,Golden Rams,31.5782062,-84.1556809,Albany State University Coliseum
Albion,Michigan,Britons,42.243097,-84.7530304,Sprankle-Sprandel Stadium
Albright,Mid Atlantic,Lions,40.335345,-75.9279495,Gene L. Shirk Stadium
Alcorn State,SWAC,Braves,31.873621,-91.13488,Jack Spinks Stadium
Alderson-Broaddus,Mountain East,Battlers,39.1523198,-80.0403578,Multi-Sport Performance Stadium
Alfred State,Empire 8,Pioneers,42.2542334,-77.7906062,Pioneer Stadium
Alfred University,Empire 8,Saxons,42.2542334,-77.7906062,Merrill Field at Yunevich Stadium
Allegheny,Presidents',Gators,41.641445,-80.151449,Frank B. Fuhrer Field
Allen,SIAC,Yellow Jackets,34.0007493,-81.0343313,W.C. Hawkins Stadium
Alma,Michigan,Scots,43.37892,-84.659727,Bahlke Field
American International,Northeast 10,Yellow Jackets,42.1018764,-72.5886727,Ronald J. Abdow Field
Amherst,NESCAC,Mammoths,42.3685658,-72.505714,Pratt Field at Lehrman Stadium
Anderson (IN),Heartland,Ravens,40.1053196,-85.6802541,Macholtz Stadium
Angelo State,Lone Star,Rams,31.4649685,-100.4405094,LeGrand Stadium at 1st Community Credit Union Field
Anna Maria College,MSCAC,Amcats,42.3122967,-71.934172,Caparso Field
Apprentice School,Independent DIII,Builders,36.9775016,-76.42977,Apprentice Field
App State,Sun Belt,Mountaineers,36.2114267,-81.6854278,Kidd Brewer Stadium
Arizona,Big 12,Wildcats,32.2288054,-110.9488677,Arizona Stadium
Arizona State,Big 12,Sun Devils,33.4264471,-111.9325005,Mountain America Stadium
Arkansas,SEC,Razorbacks,36.0680662,-94.1789534,Razorback Stadium
Arkansas-Monticello,Great American,Boll Weevils,33.6293427,-91.7912327,Convoy Leslie Cotton Boll Stadium
Arkansas-Pine Bluff,SWAC,Golden Lions,34.253327,-92.0214031,Golden Lion Stadium
Arkansas State,Sun Belt,Red Wolves,35.8488977,-90.6677436,Centennial Bank Stadium
Arkansas Tech,Great American,Wonder Boys,35.2784173,-93.1337856,Thone Stadium at Buerkle Field
Army,American Athletic,Black Knights,41.3874924,-73.9640891,Michie Stadium
Ashland,Great Midwest Athletic,Eagles,40.8686147,-82.3175942,Jack Miller Stadium
Assumption,Northeast 10,Greyhounds,42.2625621,-71.8018877,Multi-Sport Stadium
Auburn,SEC,Tigers,32.6025532,-85.4897479,Jordan-Hare Stadium
Augsburg,Minnesota,Auggies,44.9772995,-93.2654692,Edor Nelson Field
Augustana (IL),CCIW,Vikings,41.4411786,-90.5766144,Charles D. Lindberg Stadium
Augustana University (SD),Northern Sun,Vikings,43.5488256,-96.7307737,Kirkeby-Over Stadium
Aurora,NACC,Spartans,41.7571701,-88.3147539,Vago Field
Austin,Southern Collegiate Athletic,'Roos,36.2452294,-101.8858689,Jerry E. Apple Stadium
Austin Peay,UAC,Governors,36.5362559,-87.3525507,Governors Stadium
Averett,Old Dominion,Cougars,36.5859718,-79.3950228,Daly Field at Frank R. Campbell Stadium
Baldwin Wallace,Ohio,Yellow Jackets,41.3661614,-81.8543026,George Finnie Stadium
Ball State,Mid-American,Cardinals,40.2159422,-85.4161148,Scheumann Stadium
Bates,NESCAC,Bobcats,44.100351,-70.2147764,Garcelon Field
Baylor,Big 12,Bears,31.5582015,-97.1156702,McLane Stadium
Beloit,Midwest,Buccaneers,42.5083272,-89.031784,Strong Stadium
Bemidji State,Northern Sun,Beavers,47.4785418,-94.8907869,Chet Anderson Stadium
Benedict College,SIAC,Tigers,34.0007493,-81.0343313,Charlie W. Johnson Stadium
Benedictine University,NACC,Eagles,41.801159,-88.0747687,Village of Lisle-Benedictine University Sports Complex
Bentley,Northeast 10,Falcons,42.3756401,-71.2358004,Bentley University Football Stadium
Berry College,Southern Athletic,Vikings,34.275093,-85.1832843,Valhalla Stadium
Bethany (WV),Presidents',Bison,40.205627,-80.5567384,Bison Stadium
Bethel (MN),Minnesota,Royals,45.0761409,-93.1666945,Royal Stadium
Bethune-Cookman,SWAC,Wildcats,29.173466,-81.117511,Municipal Stadium
Biddeford,Commonwealth Coast,Nor'easters,43.6610277,-70.2548596,Blue Storm Stadium
Birmingham-Southern,Southern Athletic,Panthers,33.5206824,-86.8024326,General Charles C. Krulak Stadium
Black Hills State,Rocky Mountain,Yellow Jackets,44.490817,-103.85937,Lyle Hare Stadium
Bloomsburg,Pennsylvania State Athletic,Huskies,41.0044958,-76.4537302,Robert B. Redman Stadium
Bluefield State,CIAA,Big Blue,37.2698395,-81.2223195,Mitchell Stadium
Bluffton,Heartland,Beavers,40.8934459,-83.8917849,Alumni Field (OH)
Boise State,Pac-12,Broncos,43.6028839,-116.1958882,Albertsons Stadium
Boston College,ACC,Eagles,42.335104,-71.1664413,"Alumni Stadium (Chestnut Hill, MA)"
Bowdoin,NESCAC,Polar Bears,43.9145244,-69.9653278,Whittier Field
Bowie State,CIAA,Bulldogs,38.9424464,-76.7301718,Bulldogs Stadium
Bowling Green,Mid-American,Falcons,41.3780114,-83.6225,Doyt L. Perry Stadium
Brevard College,USA South,Tornados,35.2334472,-82.7342919,Brevard Memorial Stadium
Bridgewater State,MSCAC,Bears,41.9903787,-70.9750426,Edward C. Swenson Athletic Complex
Bridgewater (VA),Old Dominion,Eagles,38.3820655,-78.9766975,Jopson Athletic Complex
Brockport,Empire 8,Golden Eagles,43.213671,-77.93918,Bob Boozer Field
Brown,Ivy,Bears,41.842114,-71.3939416,Brown Stadium
Bryant,CAA,Bulldogs,41.924206,-71.5385124,Bulldog Stadium
Bucknell,Patriot,Bison,40.9519411,-76.884752,Christy Mathewson-Memorial Stadium
Buena Vista,American Rivers,Beavers,42.6452817,-95.1992726,J. Leslie Rollins Stadium
Buffalo,Mid-American,Bulls,42.9991334,-78.7775113,UB Stadium
Buffalo State,Liberty League,Bengals,42.8867166,-78.8783922,Coyer Field
Butler,Pioneer,Bulldogs,39.8444694,-86.1659242,Butler Bowl
BYU,Big 12,Cougars,40.2575347,-111.6545247,LaVell Edwards Stadium
California,ACC,Golden Bears,37.8710434,-122.2507729,California Memorial Stadium
California Lutheran University,So. Cal.,Kingsmen,34.1705609,-118.8375937,William Rolland Stadium
Cal Poly,Big Sky,Mustangs,35.2984123,-120.6650005,Alex G. Spanos Stadium
Campbell,CAA,Fighting Camels,35.4047689,-78.7424842,Barker-Lane Stadium
Capital,Ohio,Comets,39.9692378,-82.936864,Bernlohr Stadium
Carleton,Minnesota,Knights,44.4582041,-93.161159,Laird Stadium
Carnegie Mellon,Presidents',Tartans,40.4416941,-79.9900861,Gesling Stadium
Carroll University (WI),CCIW,Pioneers,43.0053145,-88.24736430153254,Schneider Stadium
Carson-Newman College,South Atlantic,Eagles,36.122311,-83.4923961,Burke-Tarr Stadium
Carthage,CCIW,Firebirds,42.5846773,-87.8212263,Art Keller Field
Case Western Reserve,Presidents',Spartans,41.513447,-81.603634,Case Field
Castleton,New Jersey,Spartans,43.6111275,-73.1807089,Dave Wolk Stadium
Catawba,South Atlantic,Indians,35.6709727,-80.4742261,Shuford Stadium
Catholic,Landmark Conference,Cardinals,38.8950368,-77.0365427,Cardinal Stadium (DC)
Central Arkansas,UAC,Bears,35.0802599,-92.460045,Estes Stadium
Central College,American Rivers,Dutch,41.4073138,-92.9174074,Ron and Joyce Schipper Stadium
Central Connecticut,NEC,Blue Devils,41.6950591,-72.7616197,Arute Field
Central Michigan,Mid-American,Chippewas,43.5777313,-84.7709904,Kelly/Shorts Stadium
Central Missouri,Mid America,Mules,38.7624373,-93.7409596,Audrey J. Walton Stadium at Vernon Kennedy Field
Central Oklahoma,Mid America,Bronchos,35.6571367,-97.4649038,Wantland Stadium
Central State (OH),SIAC,Marauders,39.6847822,-83.9296526,McPherson Memorial Stadium
Central Washington,Lone Star,Wildcats,46.9970635,-120.545122,Tomlinson Stadium
Centre College Kentucky,Southern Athletic,Colonels,37.6456488,-84.7721823,Farris Stadium
Chadron St,Rocky Mountain,Eagles,42.8309807,-103.0003729,Elliott Field at Don Beebe Stadium
Chapman,So. Cal.,Panthers,33.7500378,-117.8704931,Ernie Chapman Stadium
Charleston Southern,Big South-OVC,Buccaneers,32.9810239,-80.0659664,Buccaneer Field
Charlotte,American Athletic,49ers,35.3105033,-80.7401194,Jerry Richardson Stadium
Chattanooga,Southern,Mocs,35.0363792,-85.3158835,Finley Stadium
Chicago,Midwest,Maroons,41.8755616,-87.6244212,Amos Alonzo Stagg Field
Christopher Newport,New Jersey,Captains,36.9775016,-76.42977,TowneBank Stadium
Cincinnati,Big 12,Bearcats,39.1312495,-84.5161913,Nippert Stadium
Claremont-Mudd-Scripps College,So. Cal.,Stags,34.0966764,-117.7197785,Fritz B. Burns Stadium
Clarion,Pennsylvania State Athletic,Golden Eagles,41.2148975,-79.3857047,"Memorial Stadium (Clarion, PA)"
Clark Atlanta,SIAC,Panthers,33.7489924,-84.3902644,CAU Panther Stadium
Clemson,ACC,Tigers,34.6787737,-82.8432428,"Memorial Stadium (Clemson, SC)"
Coastal Carolina,Sun Belt,Chanticleers,33.7928506,-79.0166946,Brooks Stadium (SC)
Coast Guard,NEWMAC,Bears,41.3556187,-72.0997804,Cadet Memorial Field
Coe College,American Rivers,Kohawks,41.9758872,-91.6704053,Clark Field
Colby College,NESCAC,White Mules,44.5520105,-69.6317121,Seaverns Field At Harold Alfond Stadium
Colgate,Patriot,Raiders,42.8168991,-75.5452721,Andy Kerr Stadium
College Of New Jersey,New Jersey,Lions,40.2688105,-74.8006895,Lions Stadium
Colorado,Big 12,Buffaloes,40.0094746,-105.266905,Folsom Field
Colorado Mesa,Rocky Mountain,Mavericks,39.063956,-108.5507317,Ralph Stocker Stadium
Colorado School Of Mines,Rocky Mountain,Orediggers,39.7546349,-105.2205809,Marv Kay Stadium at Campbell Field
Colorado State,Pac-12,Rams,40.570015,-105.088435,Canvas Stadium
Columbia,Ivy,Lions,40.8732697,-73.9164594,Lawrence A. Wien Stadium
Concordia Moorhead,Minnesota,Cobbers,46.8739081,-96.7538674,Jake Christiansen Stadium
Concordia University Chicago,NACC,Cougars,41.8978091,-87.8139483,Concordia Stadium
Concordia University St Paul,Northern Sun,Golden Bears,44.9497487,-93.0931028,Sea Foam Stadium
Concordia-Wisconsin,NACC,Falcons,43.2219088,-87.9822969,Tomasini Stadium
Concord University,Mountain East,Mountain Lions,37.366328,-81.1026607,Callaghan Stadium
Cornell,Ivy,Big Red,42.4439016,-76.4785398,Schoellkopf Field
Cornell College (IA),Midwest,Rams,41.9222443,-91.4171209,Van Metre Field at Ash Park
Cortland,Empire 8,Red Dragons,41.2446453,-73.9259559,Stadium Red Field
CSU Pueblo,Rocky Mountain,Thunderwolves,38.2544472,-104.609141,Neta and Eddie DeRose ThunderBowl
Curry College,Commonwealth Coast,Colonels,42.2501425,-71.065573,Walter M. Katz Field
Dartmouth,Ivy,Big Green,43.701302,-72.2842781,Memorial Field
Davenport,GLIAC,Panthers,37.763382,-90.7729061,Farmers Insurance Athletic Complex
Davidson,Pioneer,Wildcats,35.4995744,-80.8428419,Richardson Stadium
Dayton,Pioneer,Flyers,39.7369239,-84.1981068,Welcome Stadium
Dean College,MSCAC,Bulldogs,34.440962,-87.8339064,Dale Lippert Field
Defiance College,,Yellow Jackets,41.2844933,-84.3557802,Justin F. Coressel Stadium
Delaware,Conference USA,Blue Hens,39.6617428,-75.7488224,Delaware Stadium
Delaware State,MEAC,Hornets,39.189375,-75.5433185,Alumni Stadium
Delaware Valley,Mid Atlantic,Aggies,40.30815835,-75.2164370939226,Robert A. Lipinski Field at James Work Memorial Stadium
Delta State,Gulf South,Statesmen,33.7440023,-90.7248187,Parker Field at McCool Stadium
Denison University,North Coast,Big Red,40.0681192,-82.5196037,Deeds Field-Piper Stadium
Depauw,North Coast,Tigers,39.6444898,-86.8647316,Blackstock Stadium
Dickinson (PA),Centennial,Red Devils,40.201499,-77.1890783,Biddle Field
Drake,Pioneer,Bulldogs,41.605,-93.655,Drake Stadium
Dubuque,American Rivers,Spartans,42.5006243,-90.6647985,Chalmers Field
Duke,ACC,Blue Devils,35.9953688,-78.9417564,Wallace Wade Stadium
Duquesne,NEC,Dukes,40.4355808,-79.9900263,Arthur J. Rooney Athletic Field
East Carolina,American Athletic,Pirates,35.5968486,-77.364564,Dowdy-Ficklen Stadium
East Central (OK),Great American,Tigers,34.7743383,-96.6783651,Koi Ishto Stadium
Eastern Illinois,Big South-OVC,Panthers,39.4804965,-88.1811618,O'Brien Stadium
Eastern Kentucky,UAC,Colonels,37.7344109,-84.2972854,Roy Kidd Stadium
Eastern Michigan,Mid-American,Eagles,42.256126,-83.647285,Rynearson Stadium
Eastern New Mexico,Lone Star,Greyhounds,34.1861922,-103.334397,Al Whitehead Field at Greyhound Stadium
Eastern Washington,Big Sky,Eagles,47.49278,-117.587353,Roos Field
East Stroudsburg University,Pennsylvania State Athletic,Warriors,40.9995386,-75.1812913,Eiler-Martin Stadium
East Tennessee State,Southern,Buccaneers,36.299084,-82.374117,William B. Greene Jr. Stadium
East Texas A&M,Southland,Lions,33.2442615,-95.9006353,Memorial Stadium (Commerce TX)
East Texas Baptist University,American Southwest,Tigers,32.5447756,-94.3661004,Ornelas Stadium
Edinboro University,Pennsylvania State Athletic,Fighting Scots,41.8742225,-80.1317236,Sox Harrison Stadium
Edward Waters,SIAC,Tigers,30.3321838,-81.655651,Earl Kitchings Stadium
Elizabeth City State,CIAA,Vikings,36.2956836,-76.2247697,Roebuck Stadium
Elmhurst,CCIW,Bluejays,41.8994745,-87.9403418,Langhorst Field
Elon,CAA,Phoenix,36.1101269,-79.5079979,Rhodes Stadium
Emory & Henry College,South Atlantic,Wasps,37.3065238,-80.0267067,Fred Selfe Stadium at Nicewonder Field
Emporia State University,Mid America,Hornets,38.4040054,-96.181623,Francis G. Welch Stadium
Endicott College,Commonwealth Coast,Gulls,42.5584284,-70.8800491,Hempstead Stadium
ERSKINE,Carolinas,Flying Fleet,34.1954001,-82.1617883,J.W. Babb Stadium
Eureka College,NACC,Red Devils,40.7213015,-89.2726708,Pete FioRito Stadium at McKinzie Field
Fairmont State,Mountain East,Falcons,39.4850848,-80.1425781,Duvall-Rosier Field
Fayetteville State,CIAA,Broncos,35.0525759,-78.878292,"Luther ""Nick"" Jeralds Stadium"
FDU-Florham,Mid Atlantic,Devils,40.7598227,-74.417097,Robert T. Shields Field
Ferris State,GLIAC,Bulldogs,43.698078,-85.483656,Top Taggart Field
Ferrum,Carolinas,Panthers,36.937856999999994,-80.01424992208018,W.B. Adams Stadium
Findlay,Great Midwest Athletic,Oilers,41.0413873,-83.6503982,Donnell Stadium
Fitchburg State,MSCAC,Falcons,42.5903661,-71.8119837,Elliot Field Athletic Complex
Florida,SEC,Gators,29.6499357,-82.3485788,Ben Hill Griffin Stadium
Florida A&M,SWAC,Rattlers,30.4261632,-84.2923095,Bragg Memorial Stadium
Florida Atlantic,American Athletic,Owls,26.3763763,-80.1015759,FAU Stadium
Florida State,ACC,Seminoles,30.4381692,-84.3044032,Doak Campbell Stadium
Fordham,Patriot,Rams,40.8466508,-73.8785937,Jack Coffey Field
Fort Hays State,Mid America,Tigers,38.8791783,-99.3267702,Lewis Field Stadium
Fort Lewis,Rocky Mountain,Skyhawks,37.2395367,-107.82158179169292,Ray Dennison Memorial Field
Fort Valley State,SIAC,Wildcats,32.5537585,-83.8874084,Wildcat Stadium (GA)
Framingham State,MSCAC,Rams,42.3095704,-71.4413097,Bowditch Field
Franklin,Heartland,Grizzlies,33.704156,-117.75109,"Stewart """"Red"""" Faught Stadium"
Franklin & Marshall,Centennial,Diplomats,40.03813,-76.3056686,Shadek Stadium
Franklin Pierce,Northeast 10,Ravens,42.7517669,-72.01012902437412,Sodexo Field
Fresno State,Pac-12,Bulldogs,36.8143527,-119.7580092,Valley Children's Stadium
Frostburg State,Mountain East,Bobcats,39.6581425,-78.928357,Bobcat Stadium (MD)
Furman,Southern,Paladins,34.920192,-82.4370917,Paladin Stadium
Gallaudet,Old Dominion,Bison,38.8950368,-77.0365427,Hotchkiss Field
Gannon,Pennsylvania State Athletic,Golden Knights,42.1294712,-80.0852695,McConnell Family Stadium
Gardner-Webb,Big South-OVC,Runnin' Bulldogs,35.2457593,-81.6739887,Ernest W. Spangler Stadium
Geneva,Presidents',Golden Tornadoes,40.7520097,-80.3192295,Reeves Field (PA)
Georgetown,Patriot,Hoyas,38.9080248,-77.0753144,Cooper Field
Georgia,SEC,Bulldogs,33.9498197,-83.3733813,Sanford Stadium
Georgia Southern,Sun Belt,Eagles,32.4122471,-81.7849296,Allen E. Paulson Stadium
Georgia State,Sun Belt,Panthers,33.735267,-84.389949,Center Parc Stadium
Georgia Tech,ACC,Yellow Jackets,33.7724449,-84.3928054,Bobby Dodd Stadium
Gettysburg,Centennial,Bullets,39.8308973,-77.231012,Shirk Field at Musselman Stadium
Glenville State,Mountain East,Pioneers,38.9342573,-80.8376033,I.L. & Sue Morris Stadium
Grambling,SWAC,Tigers,32.5258665,-92.7146412,Eddie Robinson Stadium
Grand Valley State University,GLIAC,Lakers,42.968996,-85.894735,Lubbers Stadium
Greeneville,South Atlantic,Pioneers,36.1631575,-82.8309861,Pioneer Field (TN)
Greensboro College,USA South,Pride,36.0726355,-79.7919754,Jamieson Stadium
Greenville,Upper Midwest,Panthers,38.8922687,-89.4131356,Francis Field (IL)
Grinnell,Midwest,Pioneers,41.7430237,-92.7239637,Rosenbloom Field
Grove City College,Presidents',Wolverines,41.1579008,-80.0886631,Robert E. Thorn Field
Guilford College,Old Dominion,Quakers,36.0726355,-79.7919754,Armfield Athletic Center
Gustavus Adolphus,Minnesota,Golden Gusties,44.3238384,-93.9585295,Hollingsworth Field
Hamilton,NESCAC,Continentals,44.7278943,-73.6686982,Steuben Field
Hamline University,Minnesota,Pipers,44.9497487,-93.0931028,Klas Field
Hampden-Sydney,Old Dominion,Tigers,37.3024713,-78.3923813,Lewis C. Everett Stadium
Hampton,CAA,Pirates,37.0200894,-76.3331555,Armstrong Stadium
Hanover College,Heartland,Panthers,38.7142263,-85.4735707,Alumni Stadium (IN)
Harding University,Great American,Bisons,35.9018987,-92.7098744,First Security Stadium
Hardin-Simmons,American Southwest,Cowboys,32.44645,-99.7475905,Shelton Stadium
Hartwick,Empire 8,Hawks,42.453492,-75.0629531,Wright Stadium
Harvard,Ivy,Crimson,42.366704,-71.1267511,Harvard Stadium
Hawai'i,Mountain West,Rainbow Warriors,21.294294,-157.819338,Clarence T.C. Ching Athletics Complex
Heidelberg,Ohio,Student Princes,41.114485,-83.1779537,Hoernemann Stadium
Henderson State,Great American,Reddies,34.1209292,-93.053784,Ruggles Field at Carpenter-Haygood Stadium
Hendrix College,Southern Athletic,Warriors,35.2521996,-92.6888936,Young-Wise Memorial Stadium
Hillsdale,Great Midwest Athletic,Chargers,41.8779105,-84.5984396,"Frank ""Muddy"" Waters Stadium"
Hiram College,Presidents',Terriers,41.312555,-81.14371,Charles A. Henry Field
Hobart College,Liberty League,Statesmen,42.8690271,-76.9786122,Boswell Field at David J. Urick Stadium
Holy Cross,Patriot,Crusaders,42.2403564,-71.8111424,Fitton Field
Hope College,Michigan,Flying Dutchmen,42.7876022,-86.1090828,Ray and Sue Smith Stadium
Houston,Big 12,Cougars,29.7219885,-95.3491623,TDECU Stadium
Houston Christian,Southland,Huskies,29.6949025,-95.5167353,Husky Stadium
Howard,MEAC,Bison,38.925487,-77.021047,William H. Greene Stadium
Howard Payne,American Southwest,Yellow Jackets,31.7070026,-98.9831022,Gordon Wood Stadium
Huntingdon College (AL),USA South,Hawks,32.3669656,-86.3006485,Charles Lee Field at Samford Stadium
Husson,Commonwealth Coast,Eagles,44.8011821,-68.7778138,Dr. John W. Winkin Sports Complex
Idaho,Big Sky,Vandals,46.7262921,-117.0173713,Kibbie Dome
Idaho State,Big Sky,Bengals,42.8702052,-112.4281274,Holt Arena
Illinois,Big Ten,Fighting Illini,40.0993268,-88.2359569,"Memorial Stadium (Champaign, IL)"
Illinois College,Midwest,Blueboys,39.7343037,-90.2288356,England Stadium
Illinois State,MVFC,Redbirds,40.5125091,-88.9967177,Hancock Stadium
Illinois Wesleyan,CCIW,Titans,40.4797828,-88.9939147,Tucci Stadium
Incarnate Word,Southland,Cardinals,29.4674787,-98.470014,Gayle and Tom Benson Stadium
Indiana,Big Ten,Hoosiers,39.1808959,-86.5256217,"Memorial Stadium (Bloomington, IN)"
Indiana-Pennsylvania,Pennsylvania State Athletic,Crimson Hawks,40.6214551,-79.1525349,George P. Miller Stadium
Indianapolis,Great Lakes,Greyhounds,39.7683331,-86.1583502,Key Stadium
Indiana State,MVFC,Sycamores,39.4746858,-87.3669599,Memorial Stadium
Iowa,Big Ten,Hawkeyes,41.6586045,-91.5510829,Kinnick Stadium
Iowa State,Big 12,Cyclones,42.0139977,-93.6357716,Jack Trice Stadium
Ithaca College,Liberty League,Bombers,42.4396039,-76.4968019,Butterfield Stadium
Jackson State,SWAC,Tigers,32.3300053,-90.1795578,Mississippi Veterans Memorial Stadium
Jacksonville State,Conference USA,Gamecocks,33.8201052,-85.76647,AmFirst Stadium
James Madison,Sun Belt,Dukes,38.4352919,-78.8729349,Bridgeforth Stadium
John Carroll University,Ohio,Blue Streaks,41.497831,-81.537346,Don Shula Stadium at Wasmer Field
Johns Hopkins University,Centennial,Blue Jays,39.2908816,-76.610759,Homewood Field
Johnson C Smith,CIAA,Golden Bulls,35.2272086,-80.8430827,Irwin Belk Complex
Juniata College,Landmark Conference,Eagles,40.4847959,-78.0102813,Knox Stadium
Kalamazoo,Michigan,Hornets,42.291707,-85.5872286,Angell Field
Kansas,Big 12,Jayhawks,38.9629418,-95.2463686,Memorial Stadium
Kansas State,Big 12,Wildcats,39.2020096,-96.5938395,Bill Snyder Family Stadium
Kennesaw State,Conference USA,Owls,34.0289318,-84.5676234,Fifth Third Stadium
Kent State,Mid-American,Golden Flashes,41.1390935,-81.31346,Dix Stadium
Kentucky,SEC,Wildcats,38.0220905,-84.5053408,Kroger Field
Kentucky State,SIAC,Thorobreds,38.2009055,-84.8732836,Alumni Stadium (KY)
Kentucky Wesleyan,Great Midwest Athletic,Panthers,37.742297,-87.119976,Steele Stadium
Kenyon,North Coast,Owls,40.375643,-82.3970994,McBride Field
Keystone,Independent DIII,Giants,41.5565738,-75.7551655,Athletic Field Complex
Kings College (PA),Mid Atlantic,Monarchs,41.23369915,-75.85364178943517,McCarthy Stadium (Wilkes Barre)
Kutztown University,Pennsylvania State Athletic,Golden Bears,40.5173165,-75.7774177,Andre Reed Stadium
Lafayette,Patriot,Leopards,40.7009796,-75.2106499,Fisher Field
Lagrange College,USA South,Panthers,33.039291,-85.0313269,Callaway Stadium
Lake Erie,Great Midwest Athletic,Storm,41.7244885,-81.245657,Jack Britt Memorial Stadium
Lake Forest College,Midwest,Foresters,42.2586342,-87.840625,Farwell Field
Lamar,Southland,Cardinals,30.04313,-94.069963,Provost Umphrey Stadium
La Verne,So. Cal.,Leopards,34.1008426,-117.7678355,Ortmayer Stadium
Lawrence University,Midwest,Vikings,44.2613967,-88.4069744,Ron Roberts Field at the Banta Bowl
Lebanon Valley,Mid Atlantic,Flying Dutchmen,40.3295901,-76.515226,Arnold Field (PA)
Lehigh,Patriot,Mountain Hawks,40.5890837,-75.3553874,Goodman Stadium
Lenoir-Rhyne,South Atlantic,Bears,35.7333312,-81.3442915,Helen and Leonard Moretz Stadium
Lewis & Clark College,Northwest,Pioneers,45.5202471,-122.6741949,Griswold Stadium
Liberty,Conference USA,Flames,37.3544305,-79.1750239,Williams Stadium (VA)
Limestone,South Atlantic,Saints,35.0717945,-81.6498195,The Reservation
Lincoln (MO),Great Lakes,Blue Tigers,38.577359,-92.1724265,Dwight T. Reed Stadium
Lincoln (PA),CIAA,Lions,39.8065518,-75.92870551247694,Lincoln University Stadium
Lindenwood,Big South-OVC,Lions,38.7946252,-90.519829,Hunter Stadium
Linfield College,Northwest,Wildcats,45.2100367,-123.194463,Maxwell Field
Livingstone,CIAA,Blue Bears,35.6709727,-80.4742261,Alumni Memorial Stadium (NC)
Lock Haven University,Pennsylvania State Athletic,Bald Eagles,41.1369077,-77.4471641,Hubert Jack Stadium
Long Island University,NEC,Sharks,40.816284,-73.589546,Bethpage Federal Credit Union Stadium
Louisiana,Sun Belt,Ragin' Cajuns,30.2158434,-92.0417371,Cajun Field
Louisiana Tech,Conference USA,Bulldogs,32.5321487,-92.6560019,Joe Aillet Stadium
Louisville,ACC,Cardinals,38.2057621,-85.7588141,L&N Federal Credit Union Stadium
LSU,SEC,Tigers,30.412035,-91.1838163,Tiger Stadium (LA)
Luther,American Rivers,Norse,43.3041609,-91.7859098,Legacy Field in Carlson Stadium
Lycoming,Landmark Conference,Warriors,41.2493292,-77.0027671,David Person Field
LYONCOLL,Southern Collegiate Athletic,Scots,42.2542334,-77.7906062,Pioneer Stadium
Macalester,Minnesota,Scots,44.9497487,-93.0931028,Macalester Stadium
Maine,CAA,Black Bears,44.905128,-68.6724718,Alfond Stadium
Maine Maritime,Commonwealth Coast,Mariners,44.388164,-68.79982,Ritchie Field
Manchester,Heartland,Spartans,41.0006005,-85.768597,Carl W. Burt Memorial Stadium
Marietta,Ohio,Pioneers,39.4167742,-81.4548392,Don Drumm Stadium
Marist,Pioneer,Red Foxes,41.7191409,-73.9329549,Leonidoff Field
Marshall,Sun Belt,Thundering Herd,38.4247042,-82.4214412,Joan C. Edwards Stadium
Mars Hill,South Atlantic,Lions,35.82685585,-82.55057686987725,Meares Stadium
Martin Luther,Upper Midwest,Knights,44.3140261,-94.4614177,MLC Bowl
Mary Hardin-Baylor,American Southwest,Crusaders,31.0560132,-97.464453,Crusader Stadium
Maryland,Big Ten,Terrapins,38.9903332,-76.9473792,SECU Stadium
Maryville College (TN),USA South,Scots,35.7564719,-83.9704593,Lloyd L. Thornton Stadium
Massachusetts,Mid-American,Minutemen,42.3773244,-72.5360595,Warren McGuirk Alumni Stadium
Mass Maritime,MSCAC,Buccaneers,41.745383,-70.618087,Clean Harbors Stadium
McDaniel College,Centennial,Green Terror,39.5752639,-76.9959277,Kenneth R. Gill Stadium
McMurry,Southern Collegiate Athletic,War Hawks,32.44645,-99.7475905,Wilford Moore Stadium
McNeese,Southland,Cowboys,30.1804575,-93.2178729,Cowboy Stadium
Memphis,American Athletic,Tigers,35.1209429,-89.977147,Simmons Bank Liberty Stadium
Mercer,Southern,Bears,32.8262075,-83.6522485,Five Star Stadium at the Moye Complex
Merchant Marine Academy,NEWMAC,Mariners,40.8197813,-73.7351337,Brooks Stadium (NY)
Mercyhurst,NEC,Lakers,42.1294712,-80.0852695,Saxon Stadium
Merrimack,FCS Independents,Warriors,42.6839894,-71.1127065,Duane Stadium
Methodist,USA South,Monarchs,35.0525759,-78.878292,Monarch Stadium
Miami,ACC,Hurricanes,25.9579665,-80.2388604,Hard Rock Stadium
Miami (OH),Mid-American,RedHawks,39.5197009,-84.7330255,Yager Stadium
Michigan,Big Ten,Wolverines,42.2658365,-83.7486956,Michigan Stadium
Michigan State,Big Ten,Spartans,42.7281474,-84.4848526,Spartan Stadium
Michigan Tech,GLIAC,Huskies,46.8591287,-88.7774734,Sherman Field
Middlebury,NESCAC,Panthers,44.007273600000005,-73.16330105415423,Alumni Stadium (VT)
Middle Tennessee,Conference USA,Blue Raiders,35.8511463,-86.3681649,"Johnny ""Red"" Floyd Stadium"
Midwestern State,Lone Star,Mustangs,33.9137085,-98.4933873,"Memorial Stadium (Wichita Falls, TX)"
Miles College,SIAC,Golden Bears,33.4859402,-86.9119366,Albert J. H. Sloan - Alumni Stadium
Millersville,Pennsylvania State Athletic,Marauders,39.997998,-76.3545372,Chryst Field at Biemesderfer Stadium
Millikin,CCIW,Big Blue,39.8454163,-88.9524151,Frank M. Lindsay Field
Millsaps,Southern Athletic,Majors,32.2990021,-90.1847691,Harper Davis Field
Minnesota,Big Ten,Golden Gophers,44.976525,-93.2245462,Huntington Bank Stadium
Minnesota Duluth,Northern Sun,Bulldogs,46.7729322,-92.1251218,James S. Malosky Stadium
Minnesota Morris,Upper Midwest,Cougars,45.586072,-95.913941,Big Cat Stadium
Minnesota State Mankato,Northern Sun,Mavericks,44.1634663,-93.9993505,Blakeslee Stadium
Minnesota State Moorhead,Northern Sun,Dragons,46.8739081,-96.7538674,Scheels Field at Nemzek Stadium
Minot State,Northern Sun,Beavers,48.23251,-101.296273,Herb Parker Stadium
Misericordia,Mid Atlantic,Cougars,32.3117968,-87.1046643,Mangelsdorf Field
Mississippi College,Gulf South,Choctaws,32.3410552,-90.3215983,Robinson-Hale Stadium
Mississippi State,SEC,Bulldogs,33.4563403,-88.7933652,Davis Wade Stadium
Mississippi Valley State,SWAC,Delta Devils,33.5118304,-90.3397718,Rice-Totten Field
Missouri,SEC,Tigers,38.9358491,-92.3332009,Memorial Stadium
Missouri Southern State,Mid America,Lions,37.08418,-94.51323,Fred G. Hughes Stadium
Missouri S&T,Great Lakes,Miners,37.95037,-91.780444,Allgood-Bailey Stadium
Missouri State,Conference USA,Bears,37.1976229,-93.2798119,Plaster Sports Complex
Missouri Western,Mid America,Griffons,39.7686055,-94.8466322,Craig Field at Spratt Memorial Stadium
Monmouth,CAA,Hawks,40.278953,-74.009451,Kessler Stadium
Monmouth (IL),Midwest,Fighting Scots,40.9127103,-90.6472477,April Zorn Memorial Stadium
Montana,Big Sky,Grizzlies,46.8638753,-113.9815042,Washington-Grizzly Stadium
Montana State,Big Sky,Bobcats,45.659048,-111.049547,Bobcat Stadium
Montclair State,New Jersey,Red Hawks,40.8164458,-74.2210643,Sprague Field
Moravian,Landmark Conference,Greyhounds,40.6178915,-75.3786521,Rocco Calvo Field
Morehead State,Pioneer,Eagles,38.1916481,-83.4253315,Jayne Stadium
Morehouse College,SIAC,Maroon Tigers,33.7489924,-84.3902644,B.T. Harvey Stadium
Morgan State,MEAC,Bears,39.3439778,-76.5829573,Hughes Stadium
Mount St. Joseph,Heartland,Lions,39.1014537,-84.5124602,Schueler Field
Muhlenberg,Centennial,Mules,40.6022059,-75.4712794,Scotty Wood Stadium
Murray State,MVFC,Racers,36.6215165,-88.3175531,Roy Stewart Stadium
Muskingum University,Ohio,Fighting Muskies,39.9934992,-81.7338559,Sherman Field at McConagha Stadium
Navy,American Athletic,Midshipmen,38.9846985,-76.5076335,Navy-Marine Corps Memorial Stadium
NC State,ACC,Wolfpack,35.8008001,-78.7195655,Carter-Finley Stadium
Nebraska,Big Ten,Cornhuskers,40.820682,-96.705594,"Memorial Stadium (Lincoln, NE)"
Nebraska-Kearney,Mid America,Lopers,40.4906216,-98.9472344,Ron & Carol Cope Stadium at Foster Field
Nevada,Mountain West,Wolf Pack,39.5469459,-119.8175435,Mackay Stadium
NEWBERG,Northwest,Bruins,45.300347,-122.972751,Stoffer Family Stadium
Newberry,South Atlantic,Wolves,34.286133,-81.622539,Setzler Field
New Hampshire,CAA,Wildcats,43.1386231,-70.9393077,Wildcat Stadium
New Haven,NEC,Chargers,41.2706527,-72.9470471,Ralph F. DellaCamera Stadium
New Mexico,Mountain West,Lobos,35.0669479,-106.6283225,University Stadium (NM)
New Mexico Highlands,Rocky Mountain,Cowboys,35.5939325,-105.2238969,Sanchez Family Stadium
New Mexico State,Conference USA,Aggies,32.2796202,-106.7411148,Aggie Memorial Stadium
Nicholls,Southland,Colonels,29.7867254,-90.80455,Manning Field at John L. Guidry Stadium
Nichols College,Commonwealth Coast,Bison,42.0572744,-71.9396898,Vendetti Field
Norfolk State,MEAC,Spartans,36.8469442,-76.2600839,"William Dick"""" Price Stadium"""""
North Alabama,UAC,Lions,34.810914,-87.670587,Braly Municipal Stadium
North Carolina,ACC,Tar Heels,35.9069294,-79.0478889,Kenan Stadium
North Carolina A&T,CAA,Aggies,36.0814337,-79.7700391,Aggie Stadium
North Carolina Central,MEAC,Eagles,35.9738646,-78.896969,O'Kelly-Riddick Stadium
North Carolina Wesleyan,USA South,Battling Bishops,35.9423833,-77.7956949,Bishop Stadium
North Central College,CCIW,Cardinals,41.7728699,-88.1479278,Benedetti-Wehrli Stadium
North Dakota,MVFC,Fighting Hawks,47.910622,-97.090996,Alerus Center
North Dakota State,Mountain West,Bison,46.9029938,-96.8003251,Fargodome
Northeastern State,Independent DII,RiverHawks,35.91537,-94.969956,Gable Field at Doc Wadley Stadium
Northern Arizona,Big Sky,Lumberjacks,35.1805483,-111.6528377,Walkup Skydome
Northern Colorado,Big Sky,Bears,40.403493,-104.705139,Nottingham Field
Northern Illinois,Mountain West,Huskies,41.9339586,-88.7778357,Huskie Stadium
Northern Iowa,MVFC,Panthers,42.5156111,-92.4672307,UNI-Dome
Northern Michigan,GLIAC,Wildcats,46.560589,-87.393741,Superior Dome
Northern State,Northern Sun,Wolves,45.4649805,-98.487813,Swisher Field
North Greenville,Carolinas,Crusaders,35.0684492,-82.3684509,Younts Stadium
North Park,CCIW,Vikings,41.8755616,-87.6244212,Holmgren Athletic Complex
North Texas,American Athletic,Mean Green,33.203899,-97.159245,DATCU Stadium
Northwestern (MN),Upper Midwest,Eagles,45.0060767,-93.1566107,Reynolds Field
Northwestern Oklahoma State,Great American,Rangers,36.8030501,-98.6660278,Ranger Field
Northwestern State,Southland,Demons,31.747259,-93.0961357,Harry Turpin Stadium
Northwest Missouri St,Mid America,Bearcats,40.3460468,-94.8723858,Bearcat Stadium
Northwood (MI),Great Midwest Athletic,Timberwolves,43.6155825,-84.2472117,Hantz Stadium
Norwich,NEWMAC,Cadets,44.153195,-72.65679528850326,Sabine Field at Haynes Family Stadium
Notre Dame,FBS Independents,Fighting Irish,41.698378,-86.2339425,Notre Dame Stadium
Notre Dame College,Mountain East,Blue Falcons,41.5231076,-81.5184553,Mueller Field
Oberlin,North Coast,Yeomen,41.2939386,-82.2173786,Austin E. Knowlton Athletics Complex
Ohio,Mid-American,Bobcats,39.3212794,-82.1034315,Peden Stadium
Ohio Dominican,Great Midwest Athletic,Panthers,39.9622601,-83.0007065,Panther Stadium (OH)
Ohio Northern,Ohio,Polar Bears,38.8398935,-83.5051704,Dial-Roberson Stadium
Ohio State,Big Ten,Buckeyes,40.0016447,-83.0197266,Ohio Stadium
Ohio Wesleyan,North Coast,Battling Bishops,40.2986724,-83.067965,Selby Stadium
Oklahoma,SEC,Sooners,35.2058537,-97.4423145,"Memorial Stadium (Norman, OK)"
Oklahoma Baptist,Great American,Bison,35.3272928,-96.9253004,Crain Family Stadium
Oklahoma State,Big 12,Cowboys,36.125673,-97.066513,Boone Pickens Stadium
Old Dominion,Sun Belt,Monarchs,36.8889533,-76.3049175,S.B. Ballard Stadium
Ole Miss,SEC,Rebels,34.3619837,-89.5342076,Vaught-Hemingway Stadium
Olivet College,Michigan,Comets,42.4414273,-84.9241542,Cutler Field
Oregon,Big Ten,Ducks,44.0582712,-123.0684883,Autzen Stadium
Oregon State,Pac-12,Beavers,44.5594559,-123.2814341,Reser Stadium
Otterbein,Ohio,Cardinals,40.126139,-82.9295287,"Memorial Stadium (Westerville, OH)"
Ouachita Baptist,Great American,Tigers,34.1209292,-93.053784,Cliff Harris Stadium
Pace,Northeast 10,Setters,41.1328736,-73.7926335,Pace Stadium
Pacific Lutheran,Northwest,Lutes,47.1849009,-122.29214,Sparks Stadium
Pacific (OR),Northwest,Boxers,45.5197452,-123.1114405,Hanson Stadium
Penn State,Big Ten,Nittany Lions,40.8121958,-77.8561023,Beaver Stadium
Pennsylvania,Ivy,Quakers,39.9501475,-75.1901043,Franklin Field
PennWest California,Pennsylvania State Athletic,Vulcans,40.0236854,-79.8839357,Adamson Stadium
Pittsburgh,ACC,Panthers,40.4467648,-80.0157603,Acrisure Stadium
Pittsburg St,Mid America,Gorillas,37.4108841,-94.70496,Carnie Smith Stadium
Plymouth State,MSCAC,Panthers,43.757209,-71.688538,Charles L. Currier Memorial Field
Pomona Pitzer,So. Cal.,Sagehens,34.0966764,-117.7197785,Merritt Field
Portland State,Big Sky,Vikings,45.554597,-122.90694,Hillsboro Stadium
Prairie View A&M,SWAC,Panthers,30.0937874,-95.9960913,Panther Stadium
Presbyterian,Pioneer,Blue Hose,34.46158,-81.861368,Bailey Memorial Stadium
Princeton,Ivy,Tigers,40.3457928,-74.6500047,Princeton University Stadium
Puget Sound,Northwest,Loggers,47.2495798,-122.4398746,Baker Stadium
Purdue,Big Ten,Boilermakers,40.4352253,-86.9186843,Ross-Ade Stadium
Quincy,Great Lakes,Hawks,39.9356016,-91.4098727,QU Stadium
Randolph-Macon,Old Dominion,Yellow Jackets,37.7594012,-77.4806603,Day Field
Reading,Mid Atlantic,Golden Wolves,40.335345,-75.9279495,Turf Field
Redlands,So. Cal.,Bulldogs,34.0550328,-117.1827445,Ted Runner Stadium
Rensselaer,Liberty League,Engineers,42.7284117,-73.6917878,ECAV Stadium
Rhode Island,CAA,Rams,41.4879984,-71.5347458,Meade Stadium
Rhodes College,Southern Athletic,Lynx,35.1335022,-89.9668758,Crain Field
Rice,American Athletic,Owls,29.7163297,-95.4093261,Rice Stadium
Richmond,Patriot,Spiders,37.5807765,-77.5372211,E. Claiborne Robins Stadium
Ripon,Midwest,Red Hawks,43.8424502,-88.8372972,Ingalls Field
Robert Morris,NEC,Colonials,40.521046,-80.2159227,Joe Walton Stadium
Rockford,NACC,Regents,42.2713945,-89.093966,Sam Greeley Field
Rose-Hulman,Heartland,Fightin' Engineers,39.4667025,-87.4139119,Cook Stadium
Rowan,New Jersey,Profs,39.7027677,-75.1119434,Richard Wackar Stadium
Rutgers,Big Ten,Scarlet Knights,40.5462553,-74.4660408,SHI Stadium
Sacramento State,Mid-American,Hornets,38.5556718,-121.4229607,Hornet Stadium
Sacred Heart,FCS Independents,Pioneers,41.2212488,-73.2417431,Campus Field
Saginaw Valley State,GLIAC,Cardinals,25.71414555,-80.27640498387049,Harvey Randall Wickes Memorial Stadium
Saint John's (MN),Minnesota,Johnnies,45.5944117,-94.3622868,Clemens Stadium
Saint Vincent,Presidents',Bearcats,40.317287,-79.3840301,Chuck Noll Field
Salisbury,New Jersey,Sea Gulls,38.366027,-75.6009964,Sea Gull Stadium
Salve Regina,NEWMAC,Seahawks,41.4899827,-71.3137707,Toppa Field
Samford,Southern,Bulldogs,33.463273,-86.795326,Seibert Stadium
Sam Houston,Conference USA,Bearkats,30.713926,-95.5419802,Elliott T. Bowers Stadium
San Diego,Pioneer,Toreros,32.7730674,-117.183721,Torero Stadium
San Diego State,Pac-12,Aztecs,32.784444,-117.122833,Snapdragon Stadium
San José State,Mountain West,Spartans,37.3196675,-121.8682962,CEFCU Stadium
Savannah St,SIAC,Tigers,32.0274346,-81.0687492,Ted Wright Stadium
SE Louisiana,Southland,Lions,30.5110264,-90.4685792,Strawberry Stadium
Seton Hill,Pennsylvania State Athletic,Griffins,40.3014581,-79.5389289,Offutt Field
Sewanee,Southern Athletic,Tigers,35.200644,-85.91952368522726,Hardee-McGee Field
Shaw,CIAA,Bears,35.7803977,-78.6390989,George Williams Athletic Complex
Shenandoah,Old Dominion,Hornets,39.1852184,-78.1652404,Shentel Stadium
Shepherd,Pennsylvania State Athletic,Rams,39.4300996,-77.804161,Ram Stadium (WV)
Shippensburg,Pennsylvania State Athletic,Raiders,40.0507198,-77.5205485,Seth Grove Stadium
Simon Fraser,Lone Star,Clansmen,35.895335,-78.515105,Terry Fox Field
Simpson College (IA),American Rivers,Storm,41.3604966,-93.5613292,Bill Buxton Stadium
Slippery Rock,Pennsylvania State Athletic,The Rock,41.0639506,-80.0564468,Mihalik-Thompson Stadium
SMU,ACC,Mustangs,32.8377223,-96.7827859,Gerald J. Ford Stadium
South Alabama,Sun Belt,Jaguars,30.6943566,-88.0430541,Hancock Whitney Stadium
South Carolina,SEC,Gamecocks,33.9730239,-81.0191726,Williams-Brice Stadium
South Carolina State,MEAC,Bulldogs,33.4986313,-80.8446857,Oliver C. Dawson Stadium
South Dakota,MVFC,Coyotes,42.7911218,-96.9278427,DakotaDome
South Dakota Mines,Rocky Mountain,Hardrockers,44.0869329,-103.2274481,O'Harra Stadium
South Dakota State,MVFC,Jackrabbits,44.3210182,-96.7801386,Dana J. Dykhouse Stadium
Southeastern Oklahoma State,Great American,Savage Storm,33.9919761,-96.3776762,Paul Laird Field
Southeast Missouri State,Big South-OVC,Redhawks,37.3034933,-89.5230357,Houck Field
Southern,SWAC,Jaguars,30.5221461,-91.1896087,Ace W. Mumford Stadium
Southern Arkansas,Great American,Muleriders,33.2670725,-93.2393341,Wilkins Stadium
Southern Connecticut State,Northeast 10,Owls,41.3082138,-72.9250518,Jess Dow Field
Southern Illinois,MVFC,Salukis,37.708637,-89.216212,Saluki Stadium
Southern Miss,Sun Belt,Golden Eagles,31.3289321,-89.3318118,M. M. Roberts Stadium
Southern Nazarene,Great American,Crimson Storm,35.5186728,-97.6322648,Southern Nazarene University Football Stadium
Southern Utah,UAC,Thunderbirds,37.6757919,-113.0773938,Eccles Coliseum
Southern Virginia,USA South,Knights,37.7342962,-79.3539292,Knight Stadium
South Florida,American Athletic,Bulls,27.9758691,-82.5033344,Raymond James Stadium
Southwest Baptist,Great Lakes,Bearcats,37.1976229,-93.2798119,Plaster Sports Complex
Southwestern Oklahoma State,Great American,Bulldogs,35.5261633,-98.7075744,Milam Stadium
Southwest Minnesota State,Northern Sun,Mustangs,48.3605336,-96.381968,Schwan Regional Event Center
Springfield,NEWMAC,Pride,42.1018764,-72.5886727,Stagg Field
Stanford,ACC,Cardinal,37.4345556,-122.1611271,Stanford Stadium
St. Anselm,Northeast 10,Hawks,42.9956397,-71.4547891,Grappone Stadium
St. Augustine's,CIAA,Falcons,35.7803977,-78.6390989,George Williams Athletic Complex
Stephen F. Austin,Southland,Lumberjacks,31.625719,-94.6444034,Homer Bryce Stadium
Stetson,Pioneer,Hatters,29.0208575,-81.2993746,Spec Martin Municipal Stadium
Stevenson,Mid Atlantic,Mustangs,39.4102772,-76.7128314,Mustang Stadium
St. Francis (PA),NEC,Red Flash,40.5063173,-78.637214,DeGol Field
St John Fisher University,Empire 8,Cardinals,43.157285,-77.615214,Growney Stadium
St. Lawrence,Liberty League,Saints,44.5956163,-75.1690942,Leckonby Stadium
St. Norbert,NACC,Green Knights,44.4493584,-88.0599986,Donald J. Schneider Stadium
St. Olaf,Minnesota,Oles,44.4582041,-93.161159,Klein Field at Manitou
Stonehill,NEC,Skyhawks,42.0667665,-71.1036592,W.B. Mason Stadium
Stony Brook,CAA,Seawolves,40.9188829,-73.1242966,Kenneth P. LaValle Stadium
St. Scholastica,Minnesota,Saints,46.7729322,-92.1251218,Public Schools Stadium
St. Thomas (MN),Pioneer,Tommies,44.9497487,-93.0931028,O'Shaughnessy Stadium
Sul Ross State,Lone Star,Lobos,30.3573802,-103.6609367,Jackson Field
SUNY Maritime,NEWMAC,Privateers,40.807528,-73.797744,Reinhart Field
SUNY Morrisville,Empire 8,Mustangs,42.8986566,-75.6402204,Drake Field (NY)
Susquehanna,Landmark Conference,River Hawks,40.8062437,-76.8607084,Amos Alonzo Stagg Field (PA)
Syracuse,ACC,Orange,43.0362269,-76.1363161,JMA Wireless Dome
Tarleton State,UAC,Texans,32.2191836,-98.2130634,"Memorial Stadium (Stephenville, TX)"
TCU,Big 12,Horned Frogs,32.7096604,-97.3680835,Amon G. Carter Stadium
Temple,American Athletic,Owls,39.9007995,-75.1675414,Lincoln Financial Field
Tennessee,SEC,Volunteers,35.9550131,-83.9250128,Neyland Stadium
Tennessee State,Big South-OVC,Tigers,36.166479,-86.7712898,Nissan Stadium
Tennessee Tech,Big South-OVC,Golden Eagles,36.1780555,-85.506183,Tucker Stadium
Texas,SEC,Longhorns,30.2836813,-97.7325345,DKR-Texas Memorial Stadium
Texas A&M,SEC,Aggies,30.6098891,-96.3403828,Kyle Field
Texas A&M-Kingsville,Lone Star,Javelinas,27.5158689,-97.856109,Javelina Stadium
Texas Lutheran,Southern Collegiate Athletic,Bulldogs,29.5688411,-97.9647269,Bulldog Stadium (TX)
Texas Southern,SWAC,Tigers,29.7521988,-95.3524146,BBVA Compass Stadium
Texas State,Pac-12,Bobcats,29.8910008,-97.9255735,Bobcat Stadium (TX)
Texas Tech,Big 12,Red Raiders,33.5910518,-101.8728824,Jones AT&T Stadium
The Citadel,Southern,Bulldogs,32.7936975,-79.9558183,Johnson Hagood Stadium
Toledo,Mid-American,Rockets,41.6574777,-83.6135652,Glass Bowl
Towson,CAA,Tigers,39.3885683,-76.6159716,Johnny Unitas Stadium
Trine University,Michigan,Thunder,41.634874,-84.99928,Fred Zollner Athletic Stadium
Trinity (CT),NESCAC,Bantams,41.764582,-72.6908547,Jessee/Miller Field
Trinity University TX,Southern Athletic,Tigers,29.4246002,-98.4951405,Trinity University Stadium
Troy,Sun Belt,Trojans,31.7995565,-85.9518328,Veterans Memorial Stadium (AL)
Truman State,Great Lakes,Bulldogs,40.1948848,-92.5833939,Stokes Stadium
Tufts,NESCAC,Jumbos,42.4184296,-71.1061639,Ellis Oval at Zimman Field
Tulane,American Athletic,Green Wave,29.944616,-90.116692,Yulman Stadium
Tulsa,American Athletic,Golden Hurricane,36.1489175,-95.9437853,Chapman Stadium
Tuskegee,SIAC,Golden Tigers,32.4240286,-85.6916195,Abbott Memorial Alumni Stadium
UAB,American Athletic,Blazers,33.5206824,-86.8024326,Protective Stadium
UAlbany,CAA,Great Danes,42.6808062,-73.8272841,Bob Ford Field
UC Davis,Big Sky,Aggies,38.5365266,-121.7627936,Aggie Stadium
UCF,Big 12,Knights,28.6079765,-81.1927233,FBC Mortgage Stadium
UCLA,Big Ten,Bruins,34.1613284,-118.1676462,Rose Bowl
UConn,FBS Independents,Huskies,41.7595675,-72.6187728,Pratt & Whitney Stadium
UL Monroe,Sun Belt,Warhawks,32.5308089,-92.0660602,Malone Stadium
UMass Dartmouth,MSCAC,Corsairs,41.6332267,-70.9879928,Cressy Field
UNC Pembroke,Carolinas,Braves,34.6801627,-79.1950373,Grace P. Johnson Stadium
Union (NY),Liberty League,Garnet Chargers,42.8142432,-73.9395687,Frank Bailey Field
University Of Charleston (WV),Mountain East,Golden Eagles,38.3505995,-81.6332812,University of Charleston Stadium
University of Mount Union,Ohio,Raiders,40.9153362,-81.1059309,Mount Union Stadium
University of Rochester (NY),Liberty League,Yellow Jackets,43.157285,-77.615214,Edwin Fauver Stadium
UNLV,Mountain West,Rebels,36.1672559,-115.1485163,Allegiant Stadium
Upper Iowa University,Great Lakes,Peacocks,42.8420766,-91.850265,Harms-Eischeid Stadium
Ursinus,Centennial,Bears,40.1856597,-75.451571,Patterson Field
USC,Big Ten,Trojans,34.014167,-118.287778,Los Angeles Memorial Coliseum
Utah,Big 12,Utes,40.7599724,-111.8488255,Rice-Eccles Stadium
Utah State,Pac-12,Aggies,41.7517394,-111.8116007,Maverik Stadium
Utah Tech,UAC,Trailblazers,37.1098868,-113.5674494,Greater Zion Stadium
UTEP,Mountain West,Miners,31.7733353,-106.507957,Sun Bowl
Utica,Empire 8,Pioneers,43.1009031,-75.2326641,Charles A. Gaetano Stadium
UT Martin,Big South-OVC,Skyhawks,36.3448341,-88.8616245,Graham Stadium
UT Permian Basin,Lone Star,Falcons,31.8457149,-102.367687,Ratliff Stadium
UTSA,American Athletic,Roadrunners,29.4169834,-98.4788143,Alamodome
UVA Wise,South Atlantic,Cavaliers,36.9759345,-82.5757108,Carl Smith Stadium
Valdosta State,Gulf South,Blazers,30.8327022,-83.2784851,Bazemore-Hyder Stadium
Valparaiso,Pioneer,Beacons,41.465642,-87.0479446,Brown Field
Vanderbilt,SEC,Commodores,36.1440455,-86.8088942,FirstBank Stadium
Villanova,CAA,Wildcats,40.0343329,-75.3367666,Villanova Stadium
Virginia,ACC,Cavaliers,38.0311801,-78.5137897,Scott Stadium
Virginia St,CIAA,Trojans,37.227928,-77.4019268,Rogers Stadium (VA)
Virginia Tech,ACC,Hokies,37.2199873,-80.4180643,Lane Stadium
VMI,Southern,Keydets,37.788983,-79.43505,Alumni Memorial Field
Wabash College,North Coast,Little Giants,40.0401991,-86.8990249,Little Giant Stadium
Wagner,NEC,Seahawks,40.614688,-74.090639,Wagner College Stadium
Wake Forest,ACC,Demon Deacons,36.1305507,-80.2545851,Allegacy Federal Credit Union Stadium
Walsh,Great Midwest Athletic,Cavaliers,40.7985464,-81.3749508,Tom Benson Hall of Fame Stadium
Wartburg,American Rivers,Knights,42.7258451,-92.4746033,Walston-Hoover Stadium
Washburn,Mid America,Ichabods,39.049011,-95.677556,Yager Stadium at Moore Bowl
Washington,Big Ten,Huskies,47.6503235,-122.3015746,Husky Stadium
Washington and Lee,Old Dominion,Generals,37.7840208,-79.4428157,Wilson Field
Washington & Jefferson,Presidents',Presidents,31.3991238,-88.2019828,Cameron Stadium
Washington State,Pac-12,Cougars,46.731831,-117.1604991,Gesa Field
Washington University (St. Louis),CCIW,Bears,38.6264256,-90.1995853,Francis Field (MO)
Waynesburg,Presidents',Yellow Jackets,39.8964641,-80.1792299,John F. Wiley Stadium
Wayne State (MI),GLIAC,Warriors,42.3315509,-83.0466403,Tom Adams Field
Wayne State (NE),Northern Sun,Wildcats,42.1941294,-97.169623,"Memorial Stadium (Wayne, NE)"
Weber State,Big Sky,Wildcats,41.1918741,-111.9401391,Stewart Stadium
Wesleyan University (CT),NESCAC,Cardinals,41.5623178,-72.6509061,Corwin Stadium
West Alabama,Gulf South,Tigers,32.5843026,-88.1872474,Tiger Stadium (AL)
West Chester,Pennsylvania State Athletic,Golden Rams,39.9597213,-75.6059638,John A. Farrell Stadium
Western Carolina,Southern,Catamounts,35.3048352,-83.1818148,E. J. Whitmire Stadium
Western Colorado,Rocky Mountain,Mountaineers,38.6476702,-107.0603126,Mountaineer Bowl
Western Connecticut St,Landmark Conference,Wolves,41.394817,-73.4540111,Westside Athletic Complex
Western Illinois,Big South-OVC,Leathernecks,40.4683928,-90.6841248,Hanson Field
Western Kentucky,Conference USA,Hilltoppers,36.9847901,-86.4594041,Houchens Industries-L.T. Smith Stadium
Western Michigan,Mid-American,Broncos,42.2860064,-85.6007573,Waldo Stadium
Western New England,Commonwealth Coast,Golden Bears,42.1018764,-72.5886727,Golden Bear Stadium
Western New Mexico,Lone Star,Mustangs,32.7751371,-108.2754371,Ben Altamirano Field
Western Oregon,Lone Star,Wolves,44.8486414,-123.2290777,McArthur Field
Westfield State,MSCAC,Owls,42.1390327,-72.7584859,"Alumni Field (Westfield, MA)"
West Georgia,UAC,Wolves,33.5801103,-85.0766113,University Stadium (GA)
West Liberty,Mountain East,Hilltoppers,40.0639616,-80.7209149,West Family Stadium
Westminster College (MO),Upper Midwest,Blue Jays,38.8467082,-91.9479586,Blue Jay Stadium
Westminster (PA),Presidents',Titans,41.1222812,-80.3328428,Memorial Field (PA)
West Texas A&M,Lone Star,Buffaloes,34.9799429,-101.919197,Buffalo Stadium
West Virginia,Big 12,Mountaineers,39.6502744,-79.9551873,Milan Puskar Stadium
West Virginia State,Mountain East,Yellow Jackets,38.3836097,-81.7654665,Dickerson Stadium
West Virginia Wesleyan,Mountain East,Bobcats,38.9939426,-80.2322698,Cebe Ross Field
Wheaton,CCIW,Thunder,41.8646959,-88.1101709,McCully Stadium
Wheeling,Mountain East,Cardinals,40.0639616,-80.7209149,Bishop Schmitt Field
Whittier,So. Cal.,Poets,33.9708782,-118.0308396,"Memorial Stadium (Whittier, CA)"
Whitworth,Northwest,Pirates,47.6571934,-117.4235106,The Pine Bowl
Widener,Mid Atlantic,Pride,39.849557,-75.3557458,Leslie C. Quick Jr. Stadium
Wilkes,Landmark Conference,Colonels,33.707182,-85.51021468718943,Schmidt Stadium
Willamette,Northwest,Bearcats,44.9391565,-123.033121,McCulloch Stadium
William & Mary,CAA,Tribe,37.2730996,-76.7137202,Zable Stadium
William Paterson,New Jersey,Pioneers,40.9491723,-74.2376802,Wightman Stadium
Williams,NESCAC,Ephs,42.6889156,-73.2246057,Farley-Lamb Field
Wilmington (OH),Ohio,Fightin' Quakers,39.4453393,-83.8285375,Wiliams Stadium (OH)
Wilson,Carolinas,Bulldogs,35.7212689,-77.9155395,Electric Supply Company Field
Wingate,South Atlantic,Bulldogs,34.9843176,-80.4492319,Irwin Belk Stadium
Winona State,Northern Sun,Warriors,43.9582272,-91.7807784,Altra Federal Credit Union Stadium
Winston-Salem,CIAA,Rams,36.083372,-80.222037,Bowman Gray Stadium
Wisconsin,Big Ten,Badgers,43.06994,-89.4126943,Camp Randall Stadium
Wisconsin-Eau Claire,Wisconsin,Blugolds,44.811349,-91.4984941,Carson Park
Wisconsin-Lacrosse,Wisconsin,Eagles,43.8122836,-91.2514355,Veterans Memorial Stadium (WI)
Wisconsin-Lutheran,NACC,Warriors,43.0494122,-88.0079271,Warrior Field at Raabe Stadium
Wisconsin-Oshkosh,Wisconsin,Titans,44.0206919,-88.5408574,J.J. Keller Field at Titan Stadium
Wisconsin-Platteville,Wisconsin,Pioneers,42.7342942,-90.4784451,Ralph E. Davis Pioneer Stadium
Wisconsin-River Falls,Wisconsin,Falcons,44.8595111,-92.6265897,David Smith Stadium at Ramer Field
Wisconsin-Stevens Pt,Wisconsin,Pointers,44.5229223,-89.574111,Community Stadium at Goerke Park
Wisconsin-Stout,Wisconsin,Blue Devils,44.8755183,-91.9193422,Don and Nona Williams Stadium
Wisconsin-Whitewater,Wisconsin,Warhawks,42.8336422,-88.7292679,Perkins Stadium
Wittenberg,North Coast,Tigers,39.937943,-83.812075,Edwards-Maurer Field
Wofford,Southern,Terriers,34.9618606,-81.9328915,Gibbs Stadium
Wooster,North Coast,Fighting Scots,40.7980976,-81.9397733,John P. Papp Stadium
Worcester Polytechnic Institute,NEWMAC,Engineers,42.2625621,-71.8018877,"Alumni Stadium (Worcester, MA)"
Worcester St,MSCAC,Lancers,42.2625621,-71.8018877,John Coughlin Memorial Field
Wyoming,Mountain West,Cowboys,41.31161,-105.5681384,War Memorial Stadium
Yale,Ivy,Bulldogs,41.3132441,-72.9605333,Yale Bowl
Youngstown State,MVFC,Penguins,41.1092964,-80.6501885,Stambaugh Stadium
Belhaven,USA South,Blazers,32.2990021,-90.1847691,Belhaven Bowl Stadium
Chowan,Carolinas,Hawks,36.434053,-77.098431,Garrison Stadium
Kean,New Jersey,Cougars,40.6976019,-74.2632024,Kean Alumni Stadium
Knox College,Midwest,Prairie Fire,40.9475652,-90.3712169,Harley Knosher Bowl
Lakeland,NACC,Muskies,43.7486054,-87.977038,Taylor Field
Lane College,SIAC,Dragons,35.6144446,-88.8177418,Lane Field
Loras College,American Rivers,Duhawks,42.5006243,-90.6647985,Rock Bowl
McKendree,Great Lakes,Bearcats,38.6039375,-89.8073195,Leemon Field
MIT,NEWMAC,Engineers,42.3750997,-71.1056157,Henry G. Steinbrenner '27 Stadium
Nebraska Wesleyan,American Rivers,Prairie Wolves,40.8088861,-96.7077751,Abel Stadium
Shorter,Carolinas,Hawks,34.257038,-85.1646726,Barron Stadium
Sioux Falls,Northern Sun,Cougars,43.5488256,-96.7307737,Bob Young Field
Southwestern University,Southern Athletic,Pirates,30.6326942,-97.6772311,Birkelbach Field
Thiel,Presidents',Tomcats,31.8295972,-86.6177517,Alumni Stadium (PA)
Tiffin,Great Midwest Athletic,Dragons,41.114485,-83.1779537,Frost-Kalnow Stadium
University of Mary,Northern Sun,Marauders,46.808327,-100.783739,MDU Resources Community Bowl
Virginia Union,CIAA,Panthers,37.5385087,-77.43428,Hovey Field
